Division,MatchDate,HomeTeam,AwayTeam,FTHG,FTAG,HS,AS,HST,AST,HF,AF,HC,AC,HY,AY,HR,AR,HT_Year,HT_City,AT_Year,AT_City,HT_Stadium,StadiumCapacity
Premier League,01/11/15,Everton FC,Sunderland AFC,6,2,15,17,8,9,6,5,6,1,3,2,0,0,1878,Liverpool,1879,Sunderland,Goodison Park,39572
Premier League,01/11/15,Southampton FC,AFC Bournemouth,2,0,11,16,2,2,5,5,4,6,0,2,1,0,1885,Southampton,1890,Bournemouth,St Mary's Stadium,32505
Premier League,02/11/15,Tottenham Hotspur FC,Aston Villa FC,3,1,17,13,6,2,6,15,4,3,0,3,0,0,1882,London,1874,Birmingham,White HartLane,36284
Premier League,03/10/15,Aston Villa FC,Stoke City FC,0,1,13,12,2,5,12,12,9,5,1,0,0,0,1874,Birmingham,1863,Stoke-on-Trent,Villa Park,42682
Premier League,03/10/15,AFC Bournemouth,Watford FC,1,1,12,11,6,2,8,13,5,3,1,1,0,0,1890,Bournemouth,1881,Watford,Vitality Stadium,11464
Premier League,03/10/15,Chelsea FC,Southampton FC,1,3,10,13,3,5,14,14,4,6,2,5,0,0,1905,London,1885,Southampton,Stamford Bridge,41798
Premier League,03/10/15,Crystal Palace FC,West Bromwich Albion FC,2,0,21,7,8,2,14,13,8,3,3,3,0,0,1905,London,1878,West Bromwich,Selhurst Park,26255
Premier League,03/10/15,Manchester City FC,Newcastle United FC,6,1,23,6,11,4,13,8,6,3,3,1,0,0,1880,Manchester,1892,Newcastle,Etihad Stadium,55097
Premier League,03/10/15,Norwich City FC,Leicester City FC,1,2,17,16,2,5,4,4,16,8,0,1,0,0,1890,Norwich,1884,Leicester,Carrow Road,27010
Premier League,03/10/15,Sunderland AFC,West Ham United FC,2,2,12,20,3,6,14,11,1,8,2,4,1,0,1879,Sunderland,1895,London,Stadium of Light,45276
Premier League,04/10/15,Arsenal FC,Manchester United FC,3,0,12,9,5,5,8,17,3,6,1,3,0,0,1886,London,1878,Manchester,Emirates Stadium,60260
Premier League,04/10/15,Everton FC,Liverpool FC,1,1,14,13,4,4,10,19,5,11,3,3,0,0,1878,Liverpool,1892,Liverpool,Goodison Park,39572
Premier League,04/10/15,Swansea City AFC,Tottenham Hotspur FC,2,2,11,19,2,11,8,19,5,6,1,4,0,0,1912,Swansea,1882,London,Liberty Stadium,20937
Premier League,05/12/15,Arsenal FC,Sunderland AFC,3,1,16,11,7,4,7,11,3,2,1,1,0,0,1886,London,1879,Sunderland,Emirates Stadium,60260
Premier League,05/12/15,Chelsea FC,AFC Bournemouth,0,1,19,15,6,5,10,13,11,4,2,1,0,0,1905,London,1890,Bournemouth,Stamford Bridge,41798
Premier League,05/12/15,Manchester United FC,West Ham United FC,0,0,21,9,1,2,9,13,6,2,1,0,0,0,1878,Manchester,1895,London,Old Trafford,75635
Premier League,05/12/15,Southampton FC,Aston Villa FC,1,1,23,9,5,2,4,9,10,4,1,2,0,0,1885,Southampton,1874,Birmingham,St Mary's Stadium,32505
Premier League,05/12/15,Stoke City FC,Manchester City FC,2,0,7,11,4,4,9,10,1,6,0,1,0,0,1863,Stoke-on-Trent,1880,Manchester,The Britannia Stadium,27902
Premier League,05/12/15,Swansea City AFC,Leicester City FC,0,3,10,16,2,5,3,19,3,8,2,3,0,0,1912,Swansea,1884,Leicester,Liberty Stadium,20937
Premier League,05/12/15,Watford FC,Norwich City FC,2,0,14,6,7,1,11,10,4,1,3,3,0,0,1881,Watford,1890,Norwich,Vicarage Road,21577
Premier League,05/12/15,West Bromwich Albion FC,Tottenham Hotspur FC,1,1,11,9,4,3,13,10,3,6,3,2,0,0,1878,West Bromwich,1882,London,The Hawthorns,26850
Premier League,06/12/15,Newcastle United FC,Liverpool FC,2,0,6,10,1,1,6,10,2,7,3,1,0,0,1892,Newcastle,1892,Liverpool,St James' Park,52405
Premier League,07/11/15,AFC Bournemouth,Newcastle United FC,0,1,20,2,5,1,9,11,16,0,2,2,0,0,1890,Bournemouth,1892,Newcastle,Vitality Stadium,11464
Premier League,07/11/15,Leicester City FC,Watford FC,2,1,12,8,6,4,10,10,4,2,0,1,0,0,1884,Leicester,1881,Watford,King Power Stadium,32262
Premier League,07/11/15,Manchester United FC,West Bromwich Albion FC,2,0,13,4,3,0,11,10,5,1,1,3,0,1,1878,Manchester,1878,West Bromwich,Old Trafford,75635
Premier League,07/11/15,Norwich City FC,Swansea City AFC,1,0,9,8,5,0,12,7,5,2,1,0,0,0,1890,Norwich,1912,Swansea,Carrow Road,27010
Premier League,07/11/15,Stoke City FC,Chelsea FC,1,0,8,19,2,4,13,10,1,9,3,1,0,0,1863,Stoke-on-Trent,1905,London,The Britannia Stadium,27902
Premier League,07/11/15,Sunderland AFC,Southampton FC,0,1,9,11,3,4,3,7,10,11,1,3,0,0,1879,Sunderland,1885,Southampton,Stadium of Light,45276
Premier League,07/11/15,West Ham United FC,Everton FC,1,1,16,13,5,4,11,12,3,5,1,2,0,0,1895,London,1878,Liverpool,Boleyn Ground,35016
Premier League,07/12/15,Everton FC,Crystal Palace FC,1,1,19,14,4,5,4,11,13,6,1,2,0,0,1878,Liverpool,1905,London,Goodison Park,39572
Premier League,08/08/15,AFC Bournemouth,Aston Villa FC,0,1,11,7,2,3,13,13,6,3,3,4,0,0,1890,Bournemouth,1874,Birmingham,Vitality Stadium,11464
Premier League,08/08/15,Chelsea FC,Swansea City AFC,2,2,11,18,3,10,15,16,4,8,1,3,1,0,1905,London,1912,Swansea,Stamford Bridge,41798
Premier League,08/08/15,Everton FC,Watford FC,2,2,10,11,5,5,7,13,8,2,1,2,0,0,1878,Liverpool,1881,Watford,Goodison Park,39572
Premier League,08/08/15,Leicester City FC,Sunderland AFC,4,2,19,10,8,5,13,17,6,3,2,4,0,0,1884,Leicester,1879,Sunderland,King Power Stadium,32262
Premier League,08/08/15,Manchester United FC,Tottenham Hotspur FC,1,0,9,9,1,4,12,12,1,2,2,3,0,0,1878,Manchester,1882,London,Old Trafford,75635
Premier League,08/08/15,Norwich City FC,Crystal Palace FC,1,3,17,11,6,7,14,20,1,4,1,0,0,0,1890,Norwich,1905,London,Carrow Road,27010
Premier League,08/11/15,Arsenal FC,Tottenham Hotspur FC,1,1,10,14,4,4,12,17,7,6,0,1,0,0,1886,London,1882,London,Emirates Stadium,60260
Premier League,08/11/15,Aston Villa FC,Manchester City FC,0,0,3,13,0,3,7,7,3,8,1,1,0,0,1874,Birmingham,1880,Manchester,Villa Park,42682
Premier League,08/11/15,Liverpool FC,Crystal Palace FC,1,2,22,9,4,4,7,6,14,6,1,2,0,0,1892,Liverpool,1905,London,Anfield,45276
Premier League,09/08/15,Arsenal FC,West Ham United FC,0,2,22,8,6,4,12,9,5,4,1,3,0,0,1886,London,1895,London,Emirates Stadium,60260
Premier League,09/08/15,Newcastle United FC,Southampton FC,2,2,9,15,4,5,9,12,6,6,2,4,0,0,1892,Newcastle,1885,Southampton,St James' Park,52405
Premier League,09/08/15,Stoke City FC,Liverpool FC,0,1,7,8,1,3,9,16,3,5,2,4,0,0,1863,Stoke-on-Trent,1892,Liverpool,The Britannia Stadium,27902
Premier League,10/08/15,West Bromwich Albion FC,Manchester City FC,0,3,9,19,2,7,12,9,6,6,4,1,0,0,1878,West Bromwich,1880,Manchester,The Hawthorns,26850
Premier League,12/09/15,Arsenal FC,Stoke City FC,2,0,29,9,12,4,6,13,13,1,1,1,0,0,1886,London,1863,Stoke-on-Trent,Emirates Stadium,60260
Premier League,12/09/15,Crystal Palace FC,Manchester City FC,0,1,10,21,2,7,13,13,4,4,2,3,0,0,1905,London,1880,Manchester,Selhurst Park,26255
Premier League,12/09/15,Everton FC,Chelsea FC,3,1,14,15,9,2,12,12,7,14,2,2,0,0,1878,Liverpool,1905,London,Goodison Park,39572
Premier League,12/09/15,Manchester United FC,Liverpool FC,3,1,9,8,3,4,6,11,4,4,1,2,0,0,1878,Manchester,1892,Liverpool,Old Trafford,75635
Premier League,12/09/15,Norwich City FC,AFC Bournemouth,3,1,12,7,4,2,10,11,4,4,2,3,0,0,1890,Norwich,1890,Bournemouth,Carrow Road,27010
Premier League,12/09/15,Watford FC,Swansea City AFC,1,0,17,8,6,3,11,14,1,3,1,1,1,0,1881,Watford,1912,Swansea,Vicarage Road,21577
Premier League,12/09/15,West Bromwich Albion FC,Southampton FC,0,0,8,14,1,4,5,5,4,5,1,0,0,0,1878,West Bromwich,1885,Southampton,The Hawthorns,26850
Premier League,12/12/15,AFC Bournemouth,Manchester United FC,2,1,11,11,5,5,12,12,5,7,2,1,0,0,1890,Bournemouth,1878,Manchester,Vitality Stadium,11464
Premier League,12/12/15,Crystal Palace FC,Southampton FC,1,0,12,15,5,3,11,13,8,5,0,0,0,0,1905,London,1885,Southampton,Selhurst Park,26255
Premier League,12/12/15,Manchester City FC,Swansea City AFC,2,1,13,13,5,7,13,15,5,5,3,1,0,0,1880,Manchester,1912,Swansea,Etihad Stadium,55097
Premier League,12/12/15,Norwich City FC,Everton FC,1,1,9,15,2,3,9,6,5,4,1,0,0,0,1890,Norwich,1878,Liverpool,Carrow Road,27010
Premier League,12/12/15,Sunderland AFC,Watford FC,0,1,14,13,2,6,6,9,8,3,1,0,0,0,1879,Sunderland,1881,Watford,Stadium of Light,45276
Premier League,12/12/15,West Ham United FC,Stoke City FC,0,0,22,12,9,3,7,9,11,7,1,2,0,0,1895,London,1863,Stoke-on-Trent,Boleyn Ground,35016
Premier League,01/03/16,Aston Villa FC,Everton FC,1,3,14,10,5,7,8,7,9,8,3,1,0,0,1874,Birmingham,1878,Liverpool,Villa Park,42682
Premier League,01/03/16,AFC Bournemouth,Southampton FC,2,0,9,6,4,1,11,18,10,2,0,0,0,0,1890,Bournemouth,1885,Southampton,Vitality Stadium,11464
Premier League,01/03/16,Leicester City FC,West Bromwich Albion FC,2,2,22,11,5,3,10,8,11,3,0,2,0,0,1884,Leicester,1878,West Bromwich,King Power Stadium,32262
Premier League,01/03/16,Norwich City FC,Chelsea FC,1,2,13,10,2,2,17,5,4,4,3,2,0,0,1890,Norwich,1905,London,Carrow Road,27010
Premier League,01/03/16,Sunderland AFC,Crystal Palace FC,2,2,17,13,6,5,11,14,4,5,1,1,0,0,1879,Sunderland,1905,London,Stadium of Light,45276
Premier League,01/05/16,Manchester United FC,Leicester City FC,1,1,21,14,6,3,16,10,6,5,3,0,0,1,1878,Manchester,1884,Leicester,Old Trafford,75635
Premier League,01/05/16,Southampton FC,Manchester City FC,4,2,14,6,7,5,12,9,8,2,2,1,0,0,1885,Southampton,1880,Manchester,St Mary's Stadium,32505
Premier League,01/05/16,Swansea City AFC,Liverpool FC,3,1,18,11,9,3,12,13,4,7,2,2,0,1,1912,Swansea,1892,Liverpool,Liberty Stadium,20937
Premier League,02/01/16,Arsenal FC,Newcastle United FC,1,0,16,15,3,6,10,9,7,4,2,2,0,0,1886,London,1892,Newcastle,Emirates Stadium,60260
Premier League,02/01/16,Leicester City FC,AFC Bournemouth,0,0,16,9,2,0,9,5,7,1,1,1,0,1,1884,Leicester,1890,Bournemouth,King Power Stadium,32262
Premier League,02/01/16,Manchester United FC,Swansea City AFC,2,1,19,9,6,4,14,10,4,2,2,1,0,0,1878,Manchester,1912,Swansea,Old Trafford,75635
Premier League,02/01/16,Norwich City FC,Southampton FC,1,0,10,10,1,4,9,7,4,9,1,0,0,1,1890,Norwich,1885,Southampton,Carrow Road,27010
Premier League,02/01/16,Sunderland AFC,Aston Villa FC,3,1,13,8,6,3,8,13,3,3,3,4,0,0,1879,Sunderland,1874,Birmingham,Stadium of Light,45276
Premier League,02/01/16,Watford FC,Manchester City FC,1,2,11,16,3,5,6,10,4,5,1,0,0,0,1881,Watford,1880,Manchester,Vicarage Road,21577
Premier League,02/01/16,West Bromwich Albion FC,Stoke City FC,2,1,16,10,5,3,7,15,4,6,1,1,0,1,1878,West Bromwich,1863,Stoke-on-Trent,The Hawthorns,26850
Premier League,02/01/16,West Ham United FC,Liverpool FC,2,0,18,23,10,2,11,8,3,9,1,1,0,0,1895,London,1892,Liverpool,Boleyn Ground,35016
Premier League,02/02/16,Arsenal FC,Southampton FC,0,0,21,14,11,3,11,19,13,3,2,1,0,0,1886,London,1885,Southampton,Emirates Stadium,60260
Premier League,02/02/16,Crystal Palace FC,AFC Bournemouth,1,2,14,8,3,4,11,15,5,3,3,4,0,0,1905,London,1890,Bournemouth,Selhurst Park,26255
Premier League,02/02/16,Leicester City FC,Liverpool FC,2,0,13,14,6,2,6,7,3,12,0,1,0,0,1884,Leicester,1892,Liverpool,King Power Stadium,32262
Premier League,02/02/16,Manchester United FC,Stoke City FC,3,0,15,10,5,0,13,13,2,5,2,1,0,0,1878,Manchester,1863,Stoke-on-Trent,Old Trafford,75635
Premier League,02/02/16,Norwich City FC,Tottenham Hotspur FC,0,3,10,17,2,6,8,9,6,8,2,2,0,0,1890,Norwich,1882,London,Carrow Road,27010
Premier League,02/02/16,Sunderland AFC,Manchester City FC,0,1,11,6,2,2,6,15,8,4,1,4,0,0,1879,Sunderland,1880,Manchester,Stadium of Light,45276
Premier League,02/02/16,West Bromwich Albion FC,Swansea City AFC,1,1,17,18,7,4,12,13,7,7,0,0,0,0,1878,West Bromwich,1912,Swansea,The Hawthorns,26850
Premier League,02/02/16,West Ham United FC,Aston Villa FC,2,0,25,6,6,2,9,11,5,5,3,0,0,1,1895,London,1874,Birmingham,Boleyn Ground,35016
Premier League,02/03/16,Arsenal FC,Swansea City AFC,1,2,18,11,4,2,8,11,7,3,0,2,0,0,1886,London,1912,Swansea,Emirates Stadium,60260
Premier League,02/03/16,Liverpool FC,Manchester City FC,3,0,11,4,7,2,14,14,3,2,0,1,0,0,1892,Liverpool,1880,Manchester,Anfield,45276
Premier League,02/03/16,Manchester United FC,Watford FC,1,0,14,13,3,3,7,17,9,7,1,2,0,0,1878,Manchester,1881,Watford,Old Trafford,75635
Premier League,02/03/16,Stoke City FC,Newcastle United FC,1,0,9,5,2,3,11,6,5,2,1,0,0,0,1863,Stoke-on-Trent,1892,Newcastle,The Britannia Stadium,27902
Premier League,02/03/16,West Ham United FC,Tottenham Hotspur FC,1,0,14,9,3,2,10,11,6,3,0,3,0,0,1895,London,1882,London,Boleyn Ground,35016
Premier League,02/04/16,Arsenal FC,Watford FC,4,0,19,6,12,2,7,10,8,3,1,1,0,0,1886,London,1881,Watford,Emirates Stadium,60260
Premier League,02/04/16,Aston Villa FC,Chelsea FC,0,4,15,11,4,8,12,8,7,2,4,1,1,0,1874,Birmingham,1905,London,Villa Park,42682
Premier League,02/04/16,AFC Bournemouth,Manchester City FC,0,4,11,15,2,7,9,8,4,4,0,1,0,0,1890,Bournemouth,1880,Manchester,Vitality Stadium,11464
Premier League,02/04/16,Liverpool FC,Tottenham Hotspur FC,1,1,15,18,7,5,11,11,12,9,2,0,0,0,1892,Liverpool,1882,London,Anfield,45276
Premier League,02/04/16,Norwich City FC,Newcastle United FC,3,2,13,13,6,5,6,11,6,5,0,0,0,0,1890,Norwich,1892,Newcastle,Carrow Road,27010
Premier League,02/04/16,Stoke City FC,Swansea City AFC,2,2,12,12,5,3,6,16,5,5,0,1,0,0,1863,Stoke-on-Trent,1912,Swansea,The Britannia Stadium,27902
Premier League,02/04/16,Sunderland AFC,West Bromwich Albion FC,0,0,22,3,7,0,11,13,9,3,1,1,0,0,1879,Sunderland,1878,West Bromwich,Stadium of Light,45276
Premier League,02/04/16,West Ham United FC,Crystal Palace FC,2,2,18,12,6,5,12,19,4,5,2,2,1,0,1895,London,1905,London,Boleyn Ground,35016
Premier League,02/05/16,Chelsea FC,Tottenham Hotspur FC,2,2,13,16,5,5,9,20,7,8,3,9,0,0,1905,London,1882,London,Stamford Bridge,41798
Premier League,03/01/16,Crystal Palace FC,Chelsea FC,0,3,8,10,4,4,12,15,5,7,3,0,0,0,1905,London,1905,London,Selhurst Park,26255
Premier League,03/01/16,Everton FC,Tottenham Hotspur FC,1,1,12,19,3,4,8,11,4,4,1,2,0,0,1878,Liverpool,1882,London,Goodison Park,39572
Premier League,03/02/16,Everton FC,Newcastle United FC,3,0,18,7,7,3,8,15,3,3,1,2,0,1,1878,Liverpool,1892,Newcastle,Goodison Park,39572
Premier League,03/02/16,Watford FC,Chelsea FC,0,0,12,12,3,4,10,13,7,7,2,1,0,0,1881,Watford,1905,London,Vicarage Road,21577
Premier League,03/04/16,Leicester City FC,Southampton FC,1,0,11,10,4,2,12,13,7,8,2,2,0,0,1884,Leicester,1885,Southampton,King Power Stadium,32262
Premier League,03/04/16,Manchester United FC,Everton FC,1,0,10,7,2,1,15,6,5,5,2,0,0,0,1878,Manchester,1878,Liverpool,Old Trafford,75635
Premier League,05/03/16,Chelsea FC,Stoke City FC,1,1,20,16,7,5,9,10,8,4,1,2,0,0,1905,London,1863,Stoke-on-Trent,Stamford Bridge,41798
Premier League,05/03/16,Everton FC,West Ham United FC,2,3,15,17,8,5,12,13,9,6,2,3,1,0,1878,Liverpool,1895,London,Goodison Park,39572
Premier League,05/03/16,Manchester City FC,Aston Villa FC,4,0,22,2,9,1,10,10,9,1,0,1,0,0,1880,Manchester,1874,Birmingham,Etihad Stadium,55097
Premier League,05/03/16,Newcastle United FC,AFC Bournemouth,1,3,14,16,3,5,13,8,5,4,1,3,0,0,1892,Newcastle,1890,Bournemouth,St James' Park,52405
Premier League,05/03/16,Southampton FC,Sunderland AFC,1,1,16,11,5,3,9,9,12,2,2,1,1,0,1885,Southampton,1879,Sunderland,St Mary's Stadium,32505
Premier League,05/03/16,Swansea City AFC,Norwich City FC,1,0,10,8,3,3,14,15,5,0,2,5,0,0,1912,Swansea,1890,Norwich,Liberty Stadium,20937
Premier League,05/03/16,Tottenham Hotspur FC,Arsenal FC,2,2,26,10,11,4,9,10,9,2,2,2,0,1,1882,London,1886,London,White HartLane,36284
Premier League,05/03/16,Watford FC,Leicester City FC,0,1,11,14,4,7,10,11,3,8,2,2,0,0,1881,Watford,1884,Leicester,Vicarage Road,21577
Premier League,06/02/16,Aston Villa FC,Norwich City FC,2,0,10,12,3,4,10,11,2,11,0,2,0,0,1874,Birmingham,1890,Norwich,Villa Park,42682
Premier League,06/02/16,Liverpool FC,Sunderland AFC,2,2,16,7,5,2,4,12,7,2,1,1,0,0,1892,Liverpool,1879,Sunderland,Anfield,45276
Premier League,06/02/16,Manchester City FC,Leicester City FC,1,3,22,14,4,7,9,15,11,4,2,2,0,0,1880,Manchester,1884,Leicester,Etihad Stadium,55097
Premier League,06/02/16,Newcastle United FC,West Bromwich Albion FC,1,0,19,7,7,0,12,12,8,4,0,3,0,0,1892,Newcastle,1878,West Bromwich,St James' Park,52405
Premier League,06/02/16,Southampton FC,West Ham United FC,1,0,8,18,2,2,17,10,4,5,1,2,1,0,1885,Southampton,1895,London,St Mary's Stadium,32505
Premier League,06/02/16,Stoke City FC,Everton FC,0,3,11,14,3,6,11,8,6,4,1,0,0,0,1863,Stoke-on-Trent,1878,Liverpool,The Britannia Stadium,27902
Premier League,06/02/16,Swansea City AFC,Crystal Palace FC,1,1,19,12,3,2,11,14,9,5,1,2,0,0,1912,Swansea,1905,London,Liberty Stadium,20937
Premier League,06/02/16,Tottenham Hotspur FC,Watford FC,1,0,26,3,9,0,12,9,15,1,0,1,0,0,1882,London,1881,Watford,White HartLane,36284
Premier League,06/03/16,Crystal Palace FC,Liverpool FC,1,2,14,19,4,5,12,16,6,6,1,2,0,1,1905,London,1892,Liverpool,Selhurst Park,26255
Premier League,06/03/16,West Bromwich Albion FC,Manchester United FC,1,0,9,7,2,1,8,7,4,5,1,0,0,1,1878,West Bromwich,1878,Manchester,The Hawthorns,26850
Premier League,07/02/16,AFC Bournemouth,Arsenal FC,0,2,17,10,4,5,6,8,7,3,0,1,0,0,1890,Bournemouth,1886,London,Vitality Stadium,11464
Premier League,07/02/16,Chelsea FC,Manchester United FC,1,1,16,17,5,7,6,9,10,11,0,3,0,0,1905,London,1878,Manchester,Stamford Bridge,41798
Premier League,07/05/16,Aston Villa FC,Newcastle United FC,0,0,2,9,0,3,8,13,0,5,1,1,0,0,1874,Birmingham,1892,Newcastle,Villa Park,42682
Premier League,07/05/16,AFC Bournemouth,West Bromwich Albion FC,1,1,12,12,4,4,5,8,5,3,2,1,0,0,1890,Bournemouth,1878,West Bromwich,Vitality Stadium,11464
Premier League,07/05/16,Crystal Palace FC,Stoke City FC,2,1,17,12,4,3,8,18,4,3,2,3,0,0,1905,London,1863,Stoke-on-Trent,Selhurst Park,26255
Premier League,07/05/16,Leicester City FC,Everton FC,3,1,32,9,8,5,4,12,12,4,0,3,0,0,1884,Leicester,1878,Liverpool,King Power Stadium,32262
Premier League,07/05/16,Norwich City FC,Manchester United FC,0,1,8,15,2,2,11,10,1,6,1,0,0,0,1890,Norwich,1878,Manchester,Carrow Road,27010
Premier League,07/05/16,Sunderland AFC,Chelsea FC,3,2,15,9,4,8,11,9,3,3,4,1,0,1,1879,Sunderland,1905,London,Stadium of Light,45276
Premier League,07/05/16,West Ham United FC,Swansea City AFC,1,4,25,13,7,6,11,8,13,3,3,0,0,0,1895,London,1912,Swansea,Boleyn Ground,35016
Premier League,08/05/16,Liverpool FC,Watford FC,2,0,19,14,5,3,10,15,8,8,1,2,0,0,1892,Liverpool,1881,Watford,Anfield,45276
Premier League,08/05/16,Manchester City FC,Arsenal FC,2,2,14,5,3,2,16,10,7,2,2,1,0,0,1880,Manchester,1886,London,Etihad Stadium,55097
Premier League,08/05/16,Tottenham Hotspur FC,Southampton FC,1,2,20,10,6,2,8,16,10,2,0,3,0,0,1882,London,1885,Southampton,White HartLane,36284
Premier League,09/04/16,Aston Villa FC,AFC Bournemouth,1,2,6,12,1,3,13,11,3,8,2,2,0,0,1874,Birmingham,1890,Bournemouth,Villa Park,42682
Premier League,09/04/16,Crystal Palace FC,Norwich City FC,1,0,13,13,6,4,13,10,10,4,2,1,0,0,1905,London,1890,Norwich,Selhurst Park,26255
Premier League,09/04/16,Manchester City FC,West Bromwich Albion FC,2,1,13,13,4,2,10,7,8,8,0,1,0,0,1880,Manchester,1878,West Bromwich,Etihad Stadium,55097
Premier League,09/04/16,Southampton FC,Newcastle United FC,3,1,20,5,6,3,8,7,11,2,0,0,0,0,1885,Southampton,1892,Newcastle,St Mary's Stadium,32505
Premier League,09/04/16,Swansea City AFC,Chelsea FC,1,0,12,8,6,2,15,13,1,9,5,4,0,0,1912,Swansea,1905,London,Liberty Stadium,20937
Premier League,09/04/16,Watford FC,Everton FC,1,1,13,12,5,7,13,10,7,6,2,1,0,0,1881,Watford,1878,Liverpool,Vicarage Road,21577
Premier League,09/04/16,West Ham United FC,Arsenal FC,3,3,19,11,7,6,11,8,7,4,2,0,0,0,1895,London,1886,London,Boleyn Ground,35016
Premier League,10/04/16,Liverpool FC,Stoke City FC,4,1,14,10,6,3,14,14,6,3,0,2,0,0,1892,Liverpool,1863,Stoke-on-Trent,Anfield,45276
Premier League,10/04/16,Sunderland AFC,Leicester City FC,0,2,15,17,1,7,9,9,1,7,1,1,0,0,1879,Sunderland,1884,Leicester,Stadium of Light,45276
Premier League,10/04/16,Tottenham Hotspur FC,Manchester United FC,3,0,16,5,8,1,10,10,2,7,3,3,0,0,1882,London,1878,Manchester,White HartLane,36284
Premier League,10/05/16,West Ham United FC,Manchester United FC,3,2,20,3,6,2,6,18,6,2,1,3,0,0,1895,London,1878,Manchester,Boleyn Ground,35016
Premier League,11/05/16,Liverpool FC,Chelsea FC,1,1,28,13,9,7,11,12,7,3,3,1,0,0,1892,Liverpool,1905,London,Anfield,45276
Premier League,11/05/16,Norwich City FC,Watford FC,4,2,18,12,6,7,8,12,5,1,2,3,0,0,1890,Norwich,1881,Watford,Carrow Road,27010
Premier League,11/05/16,Sunderland AFC,Everton FC,3,0,14,17,8,6,15,7,5,5,1,0,0,0,1879,Sunderland,1878,Liverpool,Stadium of Light,45276
Premier League,12/01/16,Aston Villa FC,Crystal Palace FC,1,0,13,9,3,1,15,9,9,0,2,1,0,0,1874,Birmingham,1905,London,Villa Park,42682
Premier League,12/01/16,AFC Bournemouth,West Ham United FC,1,3,11,10,4,5,8,5,4,7,1,1,0,0,1890,Bournemouth,1895,London,Vitality Stadium,11464
Premier League,12/01/16,Newcastle United FC,Manchester United FC,3,3,14,12,6,4,10,12,5,3,1,3,0,0,1892,Newcastle,1878,Manchester,St James' Park,52405
Premier League,12/03/16,AFC Bournemouth,Swansea City AFC,3,2,12,12,4,4,12,11,5,3,1,0,0,0,1890,Bournemouth,1912,Swansea,Vitality Stadium,11464
Premier League,12/03/16,Norwich City FC,Manchester City FC,0,0,5,15,0,3,15,10,3,8,3,1,0,0,1890,Norwich,1880,Manchester,Carrow Road,27010
Premier League,12/03/16,Stoke City FC,Southampton FC,1,2,13,11,2,4,13,12,1,4,1,2,0,1,1863,Stoke-on-Trent,1885,Southampton,The Britannia Stadium,27902
Premier League,13/01/16,Chelsea FC,West Bromwich Albion FC,2,2,14,13,2,6,13,8,7,7,3,3,0,0,1905,London,1878,West Bromwich,Stamford Bridge,41798
Premier League,13/01/16,Liverpool FC,Arsenal FC,3,3,22,14,6,5,9,7,9,3,2,0,0,0,1892,Liverpool,1886,London,Anfield,45276
Premier League,13/01/16,Manchester City FC,Everton FC,0,0,22,7,5,2,5,6,12,5,0,1,0,0,1880,Manchester,1878,Liverpool,Etihad Stadium,55097
Premier League,13/01/16,Southampton FC,Watford FC,2,0,15,4,7,1,9,11,8,1,1,2,0,0,1885,Southampton,1881,Watford,St Mary's Stadium,32505
Premier League,13/01/16,Stoke City FC,Norwich City FC,3,1,14,5,4,2,5,8,7,3,0,1,0,1,1863,Stoke-on-Trent,1890,Norwich,The Britannia Stadium,27902
Premier League,13/01/16,Swansea City AFC,Sunderland AFC,2,4,10,7,5,5,9,12,8,6,2,0,1,0,1912,Swansea,1879,Sunderland,Liberty Stadium,20937
Premier League,13/01/16,Tottenham Hotspur FC,Leicester City FC,0,1,21,10,5,2,13,10,16,8,1,0,0,0,1882,London,1884,Leicester,White HartLane,36284
Premier League,13/02/16,AFC Bournemouth,Stoke City FC,1,3,11,11,2,6,7,18,9,2,4,2,0,0,1890,Bournemouth,1863,Stoke-on-Trent,Vitality Stadium,11464
Premier League,13/02/16,Chelsea FC,Newcastle United FC,5,1,15,10,5,4,16,14,8,3,0,1,1,0,1905,London,1892,Newcastle,Stamford Bridge,41798
Premier League,13/02/16,Crystal Palace FC,Watford FC,1,2,14,10,7,3,11,16,8,5,0,2,0,0,1905,London,1881,Watford,Selhurst Park,26255
Premier League,13/02/16,Everton FC,West Bromwich Albion FC,0,1,34,5,6,1,9,12,14,1,1,3,0,0,1878,Liverpool,1878,West Bromwich,Goodison Park,39572
Premier League,13/02/16,Norwich City FC,West Ham United FC,2,2,13,11,3,6,16,11,3,3,2,2,0,0,1890,Norwich,1895,London,Carrow Road,27010
Premier League,13/02/16,Sunderland AFC,Manchester United FC,2,1,21,12,5,6,7,15,6,8,2,3,0,0,1879,Sunderland,1878,Manchester,Stadium of Light,45276
Premier League,13/02/16,Swansea City AFC,Southampton FC,0,1,13,13,2,5,10,12,5,4,0,3,0,0,1912,Swansea,1885,Southampton,Liberty Stadium,20937
Premier League,13/03/16,Aston Villa FC,Tottenham Hotspur FC,0,2,11,19,2,8,6,6,5,8,0,0,0,0,1874,Birmingham,1882,London,Villa Park,42682
Premier League,13/04/16,Crystal Palace FC,Everton FC,0,0,18,9,6,5,7,9,10,7,0,1,0,1,1905,London,1878,Liverpool,Selhurst Park,26255
Premier League,13/09/15,Leicester City FC,Aston Villa FC,3,2,21,11,6,4,8,13,4,5,2,1,0,0,1884,Leicester,1874,Birmingham,King Power Stadium,32262
Premier League,13/09/15,Sunderland AFC,Tottenham Hotspur FC,0,1,12,15,2,4,11,12,6,8,2,1,0,0,1879,Sunderland,1882,London,Stadium of Light,45276
Premier League,13/12/15,Aston Villa FC,Arsenal FC,0,2,18,8,2,4,8,7,5,5,0,0,0,0,1874,Birmingham,1886,London,Villa Park,42682
Premier League,13/12/15,Liverpool FC,West Bromwich Albion FC,2,2,28,4,8,2,7,10,4,4,0,0,0,0,1892,Liverpool,1878,West Bromwich,Anfield,45276
Premier League,13/12/15,Tottenham Hotspur FC,Newcastle United FC,1,2,20,8,8,4,13,14,6,2,2,2,0,0,1882,London,1892,Newcastle,White HartLane,36284
Premier League,14/02/16,Arsenal FC,Leicester City FC,2,1,24,7,6,3,9,10,11,1,4,3,0,1,1886,London,1884,Leicester,Emirates Stadium,60260
Premier League,14/02/16,Aston Villa FC,Liverpool FC,0,6,6,11,1,9,10,9,0,6,3,1,0,0,1874,Birmingham,1892,Liverpool,Villa Park,42682
Premier League,14/02/16,Manchester City FC,Tottenham Hotspur FC,1,2,19,6,4,3,12,17,7,1,1,3,0,0,1880,Manchester,1882,London,Etihad Stadium,55097
Premier League,14/03/16,Leicester City FC,Newcastle United FC,1,0,10,13,1,2,4,9,8,4,0,0,0,0,1884,Leicester,1892,Newcastle,King Power Stadium,32262
Premier League,14/08/15,Aston Villa FC,Manchester United FC,0,1,5,9,1,2,14,10,3,5,2,2,0,0,1874,Birmingham,1878,Manchester,Villa Park,42682
Premier League,14/09/15,West Ham United FC,Newcastle United FC,2,0,17,14,3,4,8,11,6,7,0,2,0,0,1895,London,1892,Newcastle,Boleyn Ground,35016
Premier League,14/12/15,Leicester City FC,Chelsea FC,2,1,9,11,5,5,16,8,1,8,2,0,0,0,1884,Leicester,1905,London,King Power Stadium,32262
Premier League,15/05/16,Arsenal FC,Aston Villa FC,4,0,16,5,7,2,12,6,5,4,0,1,0,0,1886,London,1874,Birmingham,Emirates Stadium,60260
Premier League,15/05/16,Chelsea FC,Leicester City FC,1,1,17,18,4,5,4,12,7,6,0,0,0,0,1905,London,1884,Leicester,Stamford Bridge,41798
Premier League,15/05/16,Everton FC,Norwich City FC,3,0,15,10,8,2,7,11,4,11,0,0,0,0,1878,Liverpool,1890,Norwich,Goodison Park,39572
Premier League,15/05/16,Newcastle United FC,Tottenham Hotspur FC,5,1,19,17,10,5,7,6,3,8,1,2,1,0,1892,Newcastle,1882,London,St James' Park,52405
Premier League,15/05/16,Southampton FC,Crystal Palace FC,4,1,18,16,5,4,7,14,2,5,1,2,0,0,1885,Southampton,1905,London,St Mary's Stadium,32505
Premier League,15/05/16,Stoke City FC,West Ham United FC,2,1,7,20,4,7,8,12,4,10,3,1,0,0,1863,Stoke-on-Trent,1895,London,The Britannia Stadium,27902
Premier League,15/05/16,Swansea City AFC,Manchester City FC,1,1,4,18,1,5,4,19,4,4,1,3,0,0,1912,Swansea,1880,Manchester,Liberty Stadium,20937
Premier League,15/05/16,Watford FC,Sunderland AFC,2,2,21,6,6,4,11,10,7,4,1,0,0,0,1881,Watford,1879,Sunderland,Vicarage Road,21577
Premier League,15/05/16,West Bromwich Albion FC,Liverpool FC,1,1,13,7,1,3,11,14,7,5,3,1,0,0,1878,West Bromwich,1892,Liverpool,The Hawthorns,26850
Premier League,15/08/15,Southampton FC,Everton FC,0,3,17,10,4,4,11,10,9,9,4,2,0,0,1885,Southampton,1878,Liverpool,St Mary's Stadium,32505
Premier League,15/08/15,Sunderland AFC,Norwich City FC,1,3,6,19,2,6,7,7,6,6,1,2,0,0,1879,Sunderland,1890,Norwich,Stadium of Light,45276
Premier League,15/08/15,Swansea City AFC,Newcastle United FC,2,0,19,4,6,2,11,8,4,4,2,1,0,1,1912,Swansea,1892,Newcastle,Liberty Stadium,20937
Premier League,15/08/15,Tottenham Hotspur FC,Stoke City FC,2,2,13,16,7,7,15,11,4,3,2,2,0,0,1882,London,1863,Stoke-on-Trent,White HartLane,36284
Premier League,15/08/15,Watford FC,West Bromwich Albion FC,0,0,16,6,5,0,13,10,2,4,1,2,0,0,1881,Watford,1878,West Bromwich,Vicarage Road,21577
Premier League,15/08/15,West Ham United FC,Leicester City FC,1,2,10,11,3,6,11,12,8,4,1,3,1,0,1895,London,1884,Leicester,Boleyn Ground,35016
Premier League,16/01/16,Aston Villa FC,Leicester City FC,1,1,14,12,5,5,13,15,3,4,3,2,0,0,1874,Birmingham,1884,Leicester,Villa Park,42682
Premier League,16/01/16,AFC Bournemouth,Norwich City FC,3,0,15,10,8,3,8,13,5,3,1,1,0,0,1890,Bournemouth,1890,Norwich,Vitality Stadium,11464
Premier League,16/01/16,Chelsea FC,Everton FC,3,3,14,9,7,4,12,5,6,4,1,1,0,0,1905,London,1878,Liverpool,Stamford Bridge,41798
Premier League,16/01/16,Manchester City FC,Crystal Palace FC,4,0,17,9,4,3,10,11,5,6,0,2,0,0,1880,Manchester,1905,London,Etihad Stadium,55097
Premier League,16/01/16,Newcastle United FC,West Ham United FC,2,1,23,10,10,3,9,4,3,3,1,0,0,0,1892,Newcastle,1895,London,St James' Park,52405
Premier League,16/01/16,Southampton FC,West Bromwich Albion FC,3,0,9,9,5,0,10,11,1,3,0,0,0,0,1885,Southampton,1878,West Bromwich,St Mary's Stadium,32505
Premier League,16/01/16,Tottenham Hotspur FC,Sunderland AFC,4,1,26,5,11,2,8,13,11,3,0,2,0,0,1882,London,1879,Sunderland,White HartLane,36284
Premier League,16/04/16,Chelsea FC,Manchester City FC,0,3,11,11,4,8,12,15,11,3,2,3,1,0,1905,London,1880,Manchester,Stamford Bridge,41798
Premier League,16/04/16,Everton FC,Southampton FC,1,1,7,18,2,4,8,14,3,10,1,1,0,0,1878,Liverpool,1885,Southampton,Goodison Park,39572
Premier League,16/04/16,Manchester United FC,Aston Villa FC,1,0,13,7,4,1,9,10,14,3,0,1,0,0,1878,Manchester,1874,Birmingham,Old Trafford,75635
Premier League,16/04/16,Newcastle United FC,Swansea City AFC,3,0,12,11,7,1,13,9,3,7,2,1,0,0,1892,Newcastle,1912,Swansea,St James' Park,52405
Premier League,16/04/16,Norwich City FC,Sunderland AFC,0,3,19,8,6,3,7,11,14,0,2,2,0,0,1890,Norwich,1879,Sunderland,Carrow Road,27010
Premier League,16/04/16,West Bromwich Albion FC,Watford FC,0,1,16,11,4,4,11,17,9,3,0,3,0,0,1878,West Bromwich,1881,Watford,The Hawthorns,26850
Premier League,16/08/15,Crystal Palace FC,Arsenal FC,1,2,11,20,4,7,14,12,6,6,1,1,0,0,1905,London,1886,London,Selhurst Park,26255
Premier League,16/08/15,Manchester City FC,Chelsea FC,3,0,18,10,8,3,19,13,5,1,4,2,0,0,1880,Manchester,1905,London,Etihad Stadium,55097
Premier League,17/01/16,Liverpool FC,Manchester United FC,0,1,19,7,4,1,6,18,5,4,0,2,0,0,1892,Liverpool,1878,Manchester,Anfield,45276
Premier League,17/01/16,Stoke City FC,Arsenal FC,0,0,14,8,6,3,16,10,6,6,0,0,0,0,1863,Stoke-on-Trent,1886,London,The Britannia Stadium,27902
Premier League,17/04/16,Arsenal FC,Crystal Palace FC,1,1,21,7,6,2,7,13,10,5,0,2,0,0,1886,London,1905,London,Emirates Stadium,60260
Premier League,17/04/16,AFC Bournemouth,Liverpool FC,1,2,18,19,5,6,9,9,5,4,0,0,0,0,1890,Bournemouth,1892,Liverpool,Vitality Stadium,11464
Premier League,17/04/16,Leicester City FC,West Ham United FC,2,2,6,19,2,4,14,14,0,5,1,3,1,0,1884,Leicester,1895,London,King Power Stadium,32262
Premier League,17/05/16,Manchester United FC,AFC Bournemouth,3,1,12,7,5,0,9,8,7,1,1,0,0,0,1878,Manchester,1890,Bournemouth,Old Trafford,75635
Premier League,17/08/15,Liverpool FC,AFC Bournemouth,1,0,18,13,2,2,11,18,6,8,1,4,0,0,1892,Liverpool,1890,Bournemouth,Anfield,45276
Premier League,17/10/15,Chelsea FC,Aston Villa FC,2,0,9,8,3,1,22,17,4,4,1,3,0,0,1905,London,1874,Birmingham,Stamford Bridge,41798
Premier League,17/10/15,Crystal Palace FC,West Ham United FC,1,3,6,24,1,4,9,11,1,9,1,3,1,0,1905,London,1895,London,Selhurst Park,26255
Premier League,17/10/15,Everton FC,Manchester United FC,0,3,12,10,3,7,12,14,5,3,2,2,0,0,1878,Liverpool,1878,Manchester,Goodison Park,39572
Premier League,17/10/15,Manchester City FC,AFC Bournemouth,5,1,15,5,11,1,11,5,1,7,2,1,0,0,1880,Manchester,1890,Bournemouth,Etihad Stadium,55097
Premier League,17/10/15,Southampton FC,Leicester City FC,2,2,14,26,6,7,16,10,6,7,2,0,0,0,1885,Southampton,1884,Leicester,St Mary's Stadium,32505
Premier League,17/10/15,Tottenham Hotspur FC,Liverpool FC,0,0,13,12,4,3,15,11,8,6,1,2,0,0,1882,London,1892,Liverpool,White HartLane,36284
Premier League,17/10/15,Watford FC,Arsenal FC,0,3,8,17,1,6,11,12,3,9,2,1,0,0,1881,Watford,1886,London,Vicarage Road,21577
Premier League,17/10/15,West Bromwich Albion FC,Sunderland AFC,1,0,8,9,1,2,12,13,1,5,2,2,0,0,1878,West Bromwich,1879,Sunderland,The Hawthorns,26850
Premier League,18/01/16,Swansea City AFC,Watford FC,1,0,10,13,2,2,8,11,6,3,2,2,0,0,1912,Swansea,1881,Watford,Liberty Stadium,20937
Premier League,18/04/16,Stoke City FC,Tottenham Hotspur FC,0,4,12,23,2,6,12,12,5,3,2,0,0,0,1863,Stoke-on-Trent,1882,London,The Britannia Stadium,27902
Premier League,18/10/15,Newcastle United FC,Norwich City FC,6,2,11,18,6,6,10,10,3,7,1,1,0,0,1892,Newcastle,1890,Norwich,St James' Park,52405
Premier League,19/03/16,Chelsea FC,West Ham United FC,2,2,22,13,5,6,13,14,10,9,3,5,0,0,1905,London,1895,London,Stamford Bridge,41798
Premier League,19/03/16,Crystal Palace FC,Leicester City FC,0,1,12,8,4,3,9,13,10,7,1,1,0,0,1905,London,1884,Leicester,Selhurst Park,26255
Premier League,19/03/16,Everton FC,Arsenal FC,0,2,8,11,2,3,7,10,7,5,0,0,0,0,1878,Liverpool,1886,London,Goodison Park,39572
Premier League,19/03/16,Swansea City AFC,Aston Villa FC,1,0,10,12,1,2,9,10,4,6,3,2,0,0,1912,Swansea,1874,Birmingham,Liberty Stadium,20937
Premier League,19/03/16,Watford FC,Stoke City FC,1,2,9,9,4,6,10,14,9,2,3,1,0,0,1881,Watford,1863,Stoke-on-Trent,Vicarage Road,21577
Premier League,19/03/16,West Bromwich Albion FC,Norwich City FC,0,1,10,7,0,1,8,13,4,3,1,2,0,0,1878,West Bromwich,1890,Norwich,The Hawthorns,26850
Premier League,19/04/16,Newcastle United FC,Manchester City FC,1,1,5,9,3,5,13,8,5,3,3,2,0,0,1892,Newcastle,1880,Manchester,St James' Park,52405
Premier League,19/09/15,Aston Villa FC,West Bromwich Albion FC,0,1,13,11,3,6,10,11,2,7,2,3,0,0,1874,Birmingham,1878,West Bromwich,Villa Park,42682
Premier League,19/09/15,AFC Bournemouth,Sunderland AFC,2,0,15,9,5,2,14,15,7,3,2,4,0,1,1890,Bournemouth,1879,Sunderland,Vitality Stadium,11464
Premier League,19/09/15,Chelsea FC,Arsenal FC,2,0,22,9,7,2,12,11,5,5,3,1,0,2,1905,London,1886,London,Stamford Bridge,41798
Premier League,19/09/15,Manchester City FC,West Ham United FC,1,2,27,6,8,3,10,7,16,3,1,2,0,0,1880,Manchester,1895,London,Etihad Stadium,55097
Premier League,19/09/15,Newcastle United FC,Watford FC,1,2,15,13,5,4,8,12,5,5,1,2,0,0,1892,Newcastle,1881,Watford,St James' Park,52405
Premier League,19/09/15,Stoke City FC,Leicester City FC,2,2,11,12,4,5,7,12,3,4,1,4,0,0,1863,Stoke-on-Trent,1884,Leicester,The Britannia Stadium,27902
Premier League,19/09/15,Swansea City AFC,Everton FC,0,0,12,17,3,2,12,11,2,4,2,2,0,1,1912,Swansea,1878,Liverpool,Liberty Stadium,20937
Premier League,19/10/15,Swansea City AFC,Stoke City FC,0,1,14,9,2,2,6,14,1,2,2,2,0,0,1912,Swansea,1863,Stoke-on-Trent,Liberty Stadium,20937
Premier League,19/12/15,Chelsea FC,Sunderland AFC,3,1,17,11,7,3,12,12,2,2,1,3,0,0,1905,London,1879,Sunderland,Stamford Bridge,41798
Premier League,19/12/15,Everton FC,Leicester City FC,2,3,13,10,5,5,6,14,10,2,2,1,0,0,1878,Liverpool,1884,Leicester,Goodison Park,39572
Premier League,19/12/15,Manchester United FC,Norwich City FC,1,2,11,6,2,4,4,10,11,0,0,2,0,0,1878,Manchester,1890,Norwich,Old Trafford,75635
Premier League,19/12/15,Newcastle United FC,Aston Villa FC,1,1,8,10,4,7,9,14,3,7,1,3,0,0,1892,Newcastle,1874,Birmingham,St James' Park,52405
Premier League,19/12/15,Southampton FC,Tottenham Hotspur FC,0,2,11,13,4,6,18,9,4,7,1,1,0,0,1885,Southampton,1882,London,St Mary's Stadium,32505
Premier League,19/12/15,Stoke City FC,Crystal Palace FC,1,2,26,12,5,3,6,12,7,3,2,0,0,0,1863,Stoke-on-Trent,1905,London,The Britannia Stadium,27902
Premier League,19/12/15,West Bromwich Albion FC,AFC Bournemouth,1,2,6,16,2,7,12,9,4,8,2,1,2,0,1878,West Bromwich,1890,Bournemouth,The Hawthorns,26850
Premier League,20/03/16,Manchester City FC,Manchester United FC,0,1,26,5,2,3,9,12,11,5,1,1,0,0,1880,Manchester,1878,Manchester,Etihad Stadium,55097
Premier League,20/03/16,Newcastle United FC,Sunderland AFC,1,1,17,14,8,4,14,7,2,5,4,1,0,0,1892,Newcastle,1879,Sunderland,St James' Park,52405
Premier League,20/03/16,Southampton FC,Liverpool FC,3,2,16,18,5,9,10,13,3,5,1,3,0,0,1885,Southampton,1892,Liverpool,St Mary's Stadium,32505
Premier League,20/03/16,Tottenham Hotspur FC,AFC Bournemouth,3,0,17,2,8,0,11,6,4,5,0,1,0,0,1882,London,1890,Bournemouth,White HartLane,36284
Premier League,20/04/16,Liverpool FC,Everton FC,4,0,37,3,13,0,8,11,9,1,1,1,0,1,1892,Liverpool,1878,Liverpool,Anfield,45276
Premier League,20/04/16,Manchester United FC,Crystal Palace FC,2,0,16,5,10,0,13,7,10,2,1,2,0,0,1878,Manchester,1905,London,Old Trafford,75635
Premier League,20/04/16,West Ham United FC,Watford FC,3,1,18,7,7,4,11,17,4,2,0,2,0,1,1895,London,1881,Watford,Boleyn Ground,35016
Premier League,20/09/15,Liverpool FC,Norwich City FC,1,1,23,7,7,2,4,13,6,2,1,2,0,0,1892,Liverpool,1890,Norwich,Anfield,45276
Premier League,20/09/15,Southampton FC,Manchester United FC,2,3,15,10,8,3,6,13,5,5,2,0,0,0,1885,Southampton,1878,Manchester,St Mary's Stadium,32505
Premier League,20/09/15,Tottenham Hotspur FC,Crystal Palace FC,1,0,22,12,6,4,9,11,6,5,1,2,0,0,1882,London,1905,London,White HartLane,36284
Premier League,20/12/15,Swansea City AFC,West Ham United FC,0,0,21,11,2,2,6,9,8,9,0,1,0,0,1912,Swansea,1895,London,Liberty Stadium,20937
Premier League,20/12/15,Watford FC,Liverpool FC,3,0,6,12,5,4,6,9,7,9,1,0,0,0,1881,Watford,1892,Liverpool,Vicarage Road,21577
Premier League,21/04/16,Arsenal FC,West Bromwich Albion FC,2,0,16,8,7,1,14,14,2,6,0,1,0,0,1886,London,1878,West Bromwich,Emirates Stadium,60260
Premier League,21/11/15,Chelsea FC,Norwich City FC,1,0,21,4,7,2,4,12,6,5,1,4,0,0,1905,London,1890,Norwich,Stamford Bridge,41798
Premier League,21/11/15,Everton FC,Aston Villa FC,4,0,16,10,9,3,6,9,2,3,0,0,0,0,1878,Liverpool,1874,Birmingham,Goodison Park,39572
Premier League,21/11/15,Manchester City FC,Liverpool FC,1,4,11,14,3,9,5,13,11,5,0,3,0,0,1880,Manchester,1892,Liverpool,Etihad Stadium,55097
Premier League,21/11/15,Newcastle United FC,Leicester City FC,0,3,9,18,1,7,9,12,4,9,4,1,0,0,1892,Newcastle,1884,Leicester,St James' Park,52405
Premier League,21/11/15,Southampton FC,Stoke City FC,0,1,16,16,1,4,8,8,7,3,2,0,0,0,1885,Southampton,1863,Stoke-on-Trent,St Mary's Stadium,32505
Premier League,21/11/15,Swansea City AFC,AFC Bournemouth,2,2,11,16,4,4,7,9,4,5,3,2,0,0,1912,Swansea,1890,Bournemouth,Liberty Stadium,20937
Premier League,21/11/15,Watford FC,Manchester United FC,1,2,10,13,5,6,6,12,4,10,1,2,0,0,1881,Watford,1878,Manchester,Vicarage Road,21577
Premier League,21/11/15,West Bromwich Albion FC,Arsenal FC,2,1,4,11,1,3,14,10,3,5,3,2,0,0,1878,West Bromwich,1886,London,The Hawthorns,26850
Premier League,21/12/15,Arsenal FC,Manchester City FC,2,1,8,20,5,6,5,16,4,8,0,2,0,0,1886,London,1880,Manchester,Emirates Stadium,60260
Premier League,22/08/15,Crystal Palace FC,Aston Villa FC,2,1,16,11,6,2,12,15,6,4,3,3,0,0,1905,London,1874,Birmingham,Selhurst Park,26255
Premier League,22/08/15,Leicester City FC,Tottenham Hotspur FC,1,1,13,19,2,6,7,14,2,7,1,4,0,0,1884,Leicester,1882,London,King Power Stadium,32262
Premier League,22/08/15,Manchester United FC,Newcastle United FC,0,0,20,7,8,0,15,11,11,5,2,2,0,0,1878,Manchester,1892,Newcastle,Old Trafford,75635
Premier League,22/08/15,Norwich City FC,Stoke City FC,1,1,21,6,7,1,16,5,9,0,4,1,0,0,1890,Norwich,1863,Stoke-on-Trent,Carrow Road,27010
Premier League,22/08/15,Sunderland AFC,Swansea City AFC,1,1,10,20,2,9,16,9,3,4,4,2,0,0,1879,Sunderland,1912,Swansea,Stadium of Light,45276
Premier League,22/08/15,West Ham United FC,AFC Bournemouth,3,4,10,15,4,7,8,11,5,4,0,0,1,0,1895,London,1890,Bournemouth,Boleyn Ground,35016
Premier League,22/11/15,Tottenham Hotspur FC,West Ham United FC,4,1,22,10,12,4,13,9,7,6,2,2,0,0,1882,London,1895,London,White HartLane,36284
Premier League,23/01/16,Crystal Palace FC,Tottenham Hotspur FC,1,3,11,24,3,11,11,12,3,10,2,2,0,0,1905,London,1882,London,Selhurst Park,26255
Premier League,23/01/16,Leicester City FC,Stoke City FC,3,0,15,3,5,2,10,13,8,4,0,1,0,0,1884,Leicester,1863,Stoke-on-Trent,King Power Stadium,32262
Premier League,23/01/16,Manchester United FC,Southampton FC,0,1,8,7,1,2,11,8,4,4,0,0,0,0,1878,Manchester,1885,Southampton,Old Trafford,75635
Premier League,23/01/16,Norwich City FC,Liverpool FC,4,5,6,13,5,7,10,14,3,3,0,1,0,0,1890,Norwich,1892,Liverpool,Carrow Road,27010
Premier League,23/01/16,Sunderland AFC,AFC Bournemouth,1,1,10,15,5,5,5,9,3,4,1,1,0,0,1879,Sunderland,1890,Bournemouth,Stadium of Light,45276
Premier League,23/01/16,Watford FC,Newcastle United FC,2,1,13,11,5,2,10,12,2,7,2,1,0,0,1881,Watford,1892,Newcastle,Vicarage Road,21577
Premier League,23/01/16,West Bromwich Albion FC,Aston Villa FC,0,0,4,15,0,4,7,13,2,6,0,1,0,0,1878,West Bromwich,1874,Birmingham,The Hawthorns,26850
Premier League,23/01/16,West Ham United FC,Manchester City FC,2,2,10,16,3,3,11,15,5,2,2,3,0,0,1895,London,1880,Manchester,Boleyn Ground,35016
Premier League,23/04/16,Aston Villa FC,Southampton FC,2,4,16,17,7,7,8,9,6,11,2,0,0,0,1874,Birmingham,1885,Southampton,Villa Park,42682
Premier League,23/04/16,AFC Bournemouth,Chelsea FC,1,4,13,16,4,4,11,4,10,7,1,0,0,0,1890,Bournemouth,1905,London,Vitality Stadium,11464
Premier League,23/04/16,Liverpool FC,Newcastle United FC,2,2,13,6,4,3,8,17,5,4,1,1,0,0,1892,Liverpool,1892,Newcastle,Anfield,45276
Premier League,23/04/16,Manchester City FC,Stoke City FC,4,0,11,14,6,2,8,8,9,4,0,0,0,0,1880,Manchester,1863,Stoke-on-Trent,Etihad Stadium,55097
Premier League,23/08/15,Everton FC,Manchester City FC,0,2,10,16,1,9,5,7,8,7,0,3,0,0,1878,Liverpool,1880,Manchester,Goodison Park,39572
Premier League,23/08/15,Watford FC,Southampton FC,0,0,13,14,0,5,10,11,5,2,0,2,0,0,1881,Watford,1885,Southampton,Vicarage Road,21577
Premier League,23/08/15,West Bromwich Albion FC,Chelsea FC,2,3,15,15,6,5,9,12,8,7,2,1,0,1,1878,West Bromwich,1905,London,The Hawthorns,26850
Premier League,23/11/15,Crystal Palace FC,Sunderland AFC,0,1,19,12,7,4,18,11,11,2,1,3,0,0,1905,London,1879,Sunderland,Selhurst Park,26255
Premier League,24/01/16,Arsenal FC,Chelsea FC,0,1,9,12,1,6,14,13,6,7,1,3,1,0,1886,London,1905,London,Emirates Stadium,60260
Premier League,24/01/16,Everton FC,Swansea City AFC,1,2,20,7,2,5,5,12,7,1,0,3,0,0,1878,Liverpool,1912,Swansea,Goodison Park,39572
Premier League,24/04/16,Leicester City FC,Swansea City AFC,4,0,18,9,9,1,15,10,4,6,1,2,0,0,1884,Leicester,1912,Swansea,King Power Stadium,32262
Premier League,24/04/16,Sunderland AFC,Arsenal FC,0,0,12,20,3,7,10,8,7,7,2,4,0,0,1879,Sunderland,1886,London,Stadium of Light,45276
Premier League,24/08/15,Arsenal FC,Liverpool FC,0,0,19,15,5,8,2,13,7,8,1,4,0,0,1886,London,1892,Liverpool,Emirates Stadium,60260
Premier League,24/10/15,Arsenal FC,Everton FC,2,1,20,10,5,5,11,14,7,5,2,0,0,1,1886,London,1878,Liverpool,Emirates Stadium,60260
Premier League,24/10/15,Aston Villa FC,Swansea City AFC,1,2,9,11,3,4,10,8,4,6,2,3,0,0,1874,Birmingham,1912,Swansea,Villa Park,42682
Premier League,24/10/15,Leicester City FC,Crystal Palace FC,1,0,12,9,3,4,7,11,3,2,3,1,0,0,1884,Leicester,1905,London,King Power Stadium,32262
Premier League,24/10/15,Norwich City FC,West Bromwich Albion FC,0,1,16,7,3,4,11,6,13,3,1,2,0,0,1890,Norwich,1878,West Bromwich,Carrow Road,27010
Premier League,24/10/15,Stoke City FC,Watford FC,0,2,12,13,1,3,10,18,11,5,3,1,0,0,1863,Stoke-on-Trent,1881,Watford,The Britannia Stadium,27902
Premier League,24/10/15,West Ham United FC,Chelsea FC,2,1,12,8,5,4,10,12,7,4,1,5,0,1,1895,London,1905,London,Boleyn Ground,35016
Premier League,25/04/16,Tottenham Hotspur FC,West Bromwich Albion FC,1,1,19,16,2,3,8,13,9,7,0,1,0,0,1882,London,1878,West Bromwich,White HartLane,36284
Premier League,25/10/15,AFC Bournemouth,Tottenham Hotspur FC,1,5,11,14,3,9,8,15,4,5,0,1,0,0,1890,Bournemouth,1882,London,Vitality Stadium,11464
Premier League,25/10/15,Liverpool FC,Southampton FC,1,1,15,8,2,3,8,11,10,7,1,0,0,1,1892,Liverpool,1885,Southampton,Anfield,45276
Premier League,25/10/15,Manchester United FC,Manchester City FC,0,0,6,6,1,1,17,13,6,4,2,2,0,0,1878,Manchester,1880,Manchester,Old Trafford,75635
Premier League,25/10/15,Sunderland AFC,Newcastle United FC,3,0,9,21,3,8,12,10,1,10,0,2,0,1,1879,Sunderland,1892,Newcastle,Stadium of Light,45276
Premier League,26/09/15,Leicester City FC,Arsenal FC,2,5,16,26,7,12,9,12,6,5,1,1,0,0,1884,Leicester,1886,London,King Power Stadium,32262
Premier League,26/09/15,Liverpool FC,Aston Villa FC,3,2,21,10,12,4,8,13,11,1,0,0,0,0,1892,Liverpool,1874,Birmingham,Anfield,45276
Premier League,26/09/15,Manchester United FC,Sunderland AFC,3,0,12,9,7,4,12,17,5,2,0,3,0,0,1878,Manchester,1879,Sunderland,Old Trafford,75635
Premier League,26/09/15,Newcastle United FC,Chelsea FC,2,2,11,16,5,4,12,15,4,6,1,2,0,0,1892,Newcastle,1905,London,St James' Park,52405
Premier League,26/09/15,Southampton FC,Swansea City AFC,3,1,18,11,7,4,18,14,4,3,3,1,0,0,1885,Southampton,1912,Swansea,St Mary's Stadium,32505
Premier League,26/09/15,Stoke City FC,AFC Bournemouth,2,1,8,11,5,6,13,11,3,7,1,0,0,0,1863,Stoke-on-Trent,1890,Bournemouth,The Britannia Stadium,27902
Premier League,26/09/15,Tottenham Hotspur FC,Manchester City FC,4,1,15,22,8,8,17,6,5,9,5,1,0,0,1882,London,1880,Manchester,White HartLane,36284
Premier League,26/09/15,West Ham United FC,Norwich City FC,2,2,19,16,7,7,7,17,7,5,0,0,0,0,1895,London,1890,Norwich,Boleyn Ground,35016
Premier League,26/12/15,Aston Villa FC,West Ham United FC,1,1,5,10,8,4,14,13,9,6,3,3,0,0,1874,Birmingham,1895,London,Villa Park,42682
Premier League,26/12/15,AFC Bournemouth,Crystal Palace FC,0,0,10,8,4,0,10,13,8,9,1,0,0,0,1890,Bournemouth,1905,London,Vitality Stadium,11464
Premier League,26/12/15,Chelsea FC,Watford FC,2,2,17,12,2,3,7,15,9,4,1,4,0,0,1905,London,1881,Watford,Stamford Bridge,41798
Premier League,26/12/15,Liverpool FC,Leicester City FC,1,0,25,7,4,3,11,8,7,6,2,1,0,0,1892,Liverpool,1884,Leicester,Anfield,45276
Premier League,26/12/15,Manchester City FC,Sunderland AFC,4,1,19,11,9,3,10,11,5,1,1,1,0,0,1880,Manchester,1879,Sunderland,Etihad Stadium,55097
Premier League,26/12/15,Newcastle United FC,Everton FC,0,1,10,20,1,7,16,12,1,7,2,2,0,0,1892,Newcastle,1878,Liverpool,St James' Park,52405
Premier League,26/12/15,Southampton FC,Arsenal FC,4,0,15,7,5,4,10,9,3,4,1,0,0,0,1885,Southampton,1886,London,St Mary's Stadium,32505
Premier League,26/12/15,Stoke City FC,Manchester United FC,2,0,13,11,3,6,13,16,1,12,1,2,0,0,1863,Stoke-on-Trent,1878,Manchester,The Britannia Stadium,27902
Premier League,26/12/15,Swansea City AFC,West Bromwich Albion FC,1,0,7,9,2,3,10,13,0,7,1,3,0,0,1912,Swansea,1878,West Bromwich,Liberty Stadium,20937
Premier League,26/12/15,Tottenham Hotspur FC,Norwich City FC,3,0,15,11,10,3,4,13,9,4,1,2,0,0,1882,London,1890,Norwich,White HartLane,36284
Premier League,27/02/16,Leicester City FC,Norwich City FC,1,0,13,9,3,1,9,11,3,4,0,2,0,0,1884,Leicester,1890,Norwich,King Power Stadium,32262
Premier League,27/02/16,Southampton FC,Chelsea FC,1,2,7,16,2,4,10,11,7,8,3,1,0,0,1885,Southampton,1905,London,St Mary's Stadium,32505
Premier League,27/02/16,Stoke City FC,Aston Villa FC,2,1,11,5,3,1,7,15,11,0,0,3,0,0,1863,Stoke-on-Trent,1874,Birmingham,The Britannia Stadium,27902
Premier League,27/02/16,Watford FC,AFC Bournemouth,0,0,14,11,1,3,14,17,4,5,3,1,0,0,1881,Watford,1890,Bournemouth,Vicarage Road,21577
Premier League,27/02/16,West Bromwich Albion FC,Crystal Palace FC,3,2,11,15,5,2,14,16,3,6,2,2,0,0,1878,West Bromwich,1905,London,The Hawthorns,26850
Premier League,27/02/16,West Ham United FC,Sunderland AFC,1,0,9,13,3,4,11,9,5,6,1,0,0,0,1895,London,1879,Sunderland,Boleyn Ground,35016
Premier League,27/09/15,Watford FC,Crystal Palace FC,0,1,15,16,2,3,17,22,6,4,4,4,0,0,1881,Watford,1905,London,Vicarage Road,21577
Premier League,28/02/16,Manchester United FC,Arsenal FC,3,2,7,13,5,5,21,15,2,3,4,3,0,0,1878,Manchester,1886,London,Old Trafford,75635
Premier League,28/02/16,Tottenham Hotspur FC,Swansea City AFC,2,1,34,10,14,4,11,14,7,7,2,3,0,0,1882,London,1912,Swansea,White HartLane,36284
Premier League,28/09/15,West Bromwich Albion FC,Everton FC,2,3,9,12,4,4,9,8,6,4,0,3,0,0,1878,West Bromwich,1878,Liverpool,The Hawthorns,26850
Premier League,28/11/15,Aston Villa FC,Watford FC,2,3,12,14,6,6,6,13,10,10,2,3,0,0,1874,Birmingham,1881,Watford,Villa Park,42682
Premier League,28/11/15,AFC Bournemouth,Everton FC,3,3,19,11,10,6,6,6,10,5,2,0,0,0,1890,Bournemouth,1878,Liverpool,Vitality Stadium,11464
Premier League,28/11/15,Crystal Palace FC,Newcastle United FC,5,1,19,7,8,2,7,13,7,5,1,1,0,0,1905,London,1892,Newcastle,Selhurst Park,26255
Premier League,28/11/15,Leicester City FC,Manchester United FC,1,1,7,10,3,2,5,7,1,8,0,1,0,0,1884,Leicester,1878,Manchester,King Power Stadium,32262
Premier League,28/11/15,Manchester City FC,Southampton FC,3,1,16,12,9,8,14,11,6,4,2,1,0,0,1880,Manchester,1885,Southampton,Etihad Stadium,55097
Premier League,28/11/15,Sunderland AFC,Stoke City FC,2,0,18,7,5,3,4,10,9,5,0,2,0,1,1879,Sunderland,1863,Stoke-on-Trent,Stadium of Light,45276
Premier League,28/12/15,Arsenal FC,AFC Bournemouth,2,0,13,10,6,3,7,8,9,3,2,0,0,0,1886,London,1890,Bournemouth,Emirates Stadium,60260
Premier League,28/12/15,Crystal Palace FC,Swansea City AFC,0,0,10,5,2,3,11,16,7,4,3,2,0,0,1905,London,1912,Swansea,Selhurst Park,26255
Premier League,28/12/15,Everton FC,Stoke City FC,3,4,15,8,3,5,10,12,6,2,2,1,0,0,1878,Liverpool,1863,Stoke-on-Trent,Goodison Park,39572
Premier League,28/12/15,Manchester United FC,Chelsea FC,0,0,12,8,2,3,16,6,5,3,4,2,0,0,1878,Manchester,1905,London,Old Trafford,75635
Premier League,28/12/15,Norwich City FC,Aston Villa FC,2,0,9,6,4,3,10,21,3,7,2,5,0,0,1890,Norwich,1874,Birmingham,Carrow Road,27010
Premier League,28/12/15,Watford FC,Tottenham Hotspur FC,1,2,9,10,1,3,11,13,5,3,4,2,1,0,1881,Watford,1882,London,Vicarage Road,21577
Premier League,28/12/15,West Bromwich Albion FC,Newcastle United FC,1,0,22,7,5,2,7,13,18,6,0,0,0,0,1878,West Bromwich,1892,Newcastle,The Hawthorns,26850
Premier League,28/12/15,West Ham United FC,Southampton FC,2,1,13,15,5,4,6,12,4,7,1,3,0,0,1895,London,1885,Southampton,Boleyn Ground,35016
Premier League,29/08/15,Aston Villa FC,Sunderland AFC,2,2,21,7,6,3,10,14,5,4,2,1,0,0,1874,Birmingham,1879,Sunderland,Villa Park,42682
Premier League,29/08/15,AFC Bournemouth,Leicester City FC,1,1,5,4,2,2,9,19,4,4,2,4,0,0,1890,Bournemouth,1884,Leicester,Vitality Stadium,11464
Premier League,29/08/15,Chelsea FC,Crystal Palace FC,1,2,26,13,9,6,9,15,7,7,1,1,0,0,1905,London,1905,London,Stamford Bridge,41798
Premier League,29/08/15,Liverpool FC,West Ham United FC,0,3,13,12,1,5,17,11,5,7,3,1,1,1,1892,Liverpool,1895,London,Anfield,45276
Premier League,29/08/15,Manchester City FC,Watford FC,2,0,18,7,5,0,9,12,9,3,1,2,0,0,1880,Manchester,1881,Watford,Etihad Stadium,55097
Premier League,29/08/15,Newcastle United FC,Arsenal FC,0,1,1,22,0,9,15,8,0,9,6,1,1,0,1892,Newcastle,1886,London,St James' Park,52405
Premier League,29/08/15,Stoke City FC,West Bromwich Albion FC,0,1,13,15,5,5,4,9,6,5,1,4,2,0,1863,Stoke-on-Trent,1878,West Bromwich,The Britannia Stadium,27902
Premier League,29/08/15,Tottenham Hotspur FC,Everton FC,0,0,20,8,6,3,20,9,6,2,4,1,0,0,1882,London,1878,Liverpool,White HartLane,36284
Premier League,29/11/15,Liverpool FC,Swansea City AFC,1,0,10,8,2,0,12,6,8,7,3,1,0,0,1892,Liverpool,1912,Swansea,Anfield,45276
Premier League,29/11/15,Norwich City FC,Arsenal FC,1,1,7,12,2,3,8,6,3,6,1,1,0,0,1890,Norwich,1886,London,Carrow Road,27010
Premier League,29/11/15,Tottenham Hotspur FC,Chelsea FC,0,0,9,5,4,1,14,9,4,4,4,2,0,0,1882,London,1905,London,White HartLane,36284
Premier League,29/11/15,West Ham United FC,West Bromwich Albion FC,1,1,17,7,6,3,15,16,5,2,0,2,0,0,1895,London,1878,West Bromwich,Boleyn Ground,35016
Premier League,29/12/15,Leicester City FC,Manchester City FC,0,0,11,21,4,5,11,8,1,13,1,3,0,0,1884,Leicester,1880,Manchester,King Power Stadium,32262
Premier League,30/04/16,Arsenal FC,Norwich City FC,1,0,14,12,3,3,8,7,7,3,1,0,0,0,1886,London,1890,Norwich,Emirates Stadium,60260
Premier League,30/04/16,Everton FC,AFC Bournemouth,2,1,12,16,5,2,4,8,3,5,1,0,0,0,1878,Liverpool,1890,Bournemouth,Goodison Park,39572
Premier League,30/04/16,Newcastle United FC,Crystal Palace FC,1,0,10,9,4,3,11,12,4,8,2,0,0,0,1892,Newcastle,1905,London,St James' Park,52405
Premier League,30/04/16,Stoke City FC,Sunderland AFC,1,1,11,14,3,5,13,13,2,8,2,2,0,0,1863,Stoke-on-Trent,1879,Sunderland,The Britannia Stadium,27902
Premier League,30/04/16,Watford FC,Aston Villa FC,3,2,18,7,6,2,14,10,8,4,2,3,0,1,1881,Watford,1874,Birmingham,Vicarage Road,21577
Premier League,30/04/16,West Bromwich Albion FC,West Ham United FC,0,3,15,8,5,4,14,7,8,6,0,0,0,0,1878,West Bromwich,1895,London,The Hawthorns,26850
Premier League,30/08/15,Southampton FC,Norwich City FC,3,0,23,6,8,1,4,12,6,4,0,0,0,1,1885,Southampton,1890,Norwich,St Mary's Stadium,32505
Premier League,30/08/15,Swansea City AFC,Manchester United FC,2,1,9,11,4,4,6,15,0,1,2,2,0,0,1912,Swansea,1878,Manchester,Liberty Stadium,20937
Premier League,30/12/15,Sunderland AFC,Liverpool FC,0,1,8,17,3,6,8,16,6,4,1,3,0,0,1879,Sunderland,1892,Liverpool,Stadium of Light,45276
Premier League,31/10/15,Chelsea FC,Liverpool FC,1,3,8,16,2,7,9,21,1,7,1,4,0,0,1905,London,1892,Liverpool,Stamford Bridge,41798
Premier League,31/10/15,Crystal Palace FC,Manchester United FC,0,0,10,5,5,1,12,15,7,3,3,3,0,0,1905,London,1878,Manchester,Selhurst Park,26255
Premier League,31/10/15,Manchester City FC,Norwich City FC,2,1,21,5,5,3,4,13,12,4,2,2,0,1,1880,Manchester,1890,Norwich,Etihad Stadium,55097
Premier League,31/10/15,Newcastle United FC,Stoke City FC,0,0,15,9,6,2,6,16,11,4,1,3,0,0,1892,Newcastle,1863,Stoke-on-Trent,St James' Park,52405
Premier League,31/10/15,Swansea City AFC,Arsenal FC,0,3,8,15,3,5,12,7,4,4,2,0,0,0,1912,Swansea,1886,London,Liberty Stadium,20937
Premier League,31/10/15,Watford FC,West Ham United FC,2,0,20,8,5,3,16,12,7,2,3,0,0,1,1881,Watford,1895,London,Vicarage Road,21577
Premier League,31/10/15,West Bromwich Albion FC,Leicester City FC,2,3,14,13,6,5,3,11,6,4,0,2,0,0,1878,West Bromwich,1884,Leicester,The Hawthorns,26850
Superleague,23/08/14,,... ,2,1,,,,,,,,,,,,,1963,,1964,,  ,6700
Superleague,23/08/14,,...,1,0,,,,,,,,,,,,,1926,,1925,, ,7500
Superleague,23/08/14, ,,3,1,,,,,,,,,,,,,1926,,1925,,,22700
Superleague,24/08/14,,,1,0,,,,,,,,,,,,,1931,,1923,,  ,4000
Superleague,24/08/14, ,... ,3,1,,,,,,,,,,,,,1931,,1966,, ,7616
Superleague,24/08/14,,,1,1,,,,,,,,,,,,,1908,,1961,, ,16003
Superleague,24/08/14,,....,1,1,,,,,,,,,,,,,1994,,1926,,  ,3000
Superleague,24/08/14,Skoda ,,3,2,,,,,,,,,,,,,1967,,1960,, ,7244
Superleague,25/08/14,,,2,1,,,,,,,,,,,,,1929,,1890,,,26240
Superleague,30/08/14,,,2,0,,,,,,,,,,,,,1929,,1994,,,26240
Superleague,30/08/14,,,1,1,,,,,,,,,,,,,1925,,1926,, ,32115
Superleague,30/08/14,... ,,1,1,,,,,,,,,,,,,1966,,1963,, ,7500
Superleague,31/08/14,, ,2,1,,,,,,,,,,,,,1961,,1931,,  ,6500
Superleague,31/08/14,, ,0,1,,,,,,,,,,,,,1923,,1926,, ,10300
Superleague,31/08/14,,,2,1,,,,,,,,,,,,,1890,,1908,,  ,11700
Superleague,31/08/14,....,,0,4,,,,,,,,,,,,,1926,,1931,, ,28803
Superleague,31/08/14,... ,Skoda ,0,0,,,,,,,,,,,,,1964,,1967,,  ,3000
Superleague,01/09/14,,...,0,1,,,,,,,,,,,,,1960,,1925,, ,7000
Superleague,13/09/14,...,,3,0,,,,,,,,,,,,,1925,,1925,, ,9088
Superleague,13/09/14, ,....,3,0,,,,,,,,,,,,,1926,,1926,,,22700
Superleague,13/09/14,... ,,2,1,,,,,,,,,,,,,1964,,1960,,  ,3000
Superleague,14/09/14,,,0,0,,,,,,,,,,,,,1926,,1923,, ,7500
Superleague,14/09/14,Skoda ,... ,2,2,,,,,,,,,,,,,1967,,1966,, ,7244
Superleague,14/09/14,,,1,0,,,,,,,,,,,,,1908,,1994,, ,16003
Superleague,14/09/14,,,1,1,,,,,,,,,,,,,1963,,1961,,  ,6700
Superleague,14/09/14, ,,2,1,,,,,,,,,,,,,1931,,1890,, ,7616
Superleague,15/09/14,,,0,3,,,,,,,,,,,,,1931,,1929,,  ,4000
Superleague,20/09/14,,...,1,0,,,,,,,,,,,,,1923,,1925,, ,10300
Superleague,20/09/14,,,3,0,,,,,,,,,,,,,1960,,1925,, ,7000
Superleague,20/09/14,,Skoda ,2,0,,,,,,,,,,,,,1961,,1967,,  ,6500
Superleague,21/09/14,, ,1,0,,,,,,,,,,,,,1994,,1931,,  ,3000
Superleague,21/09/14,... ,... ,2,0,,,,,,,,,,,,,1966,,1964,, ,7500
Superleague,21/09/14,, ,1,4,,,,,,,,,,,,,1929,,1926,,,26240
Superleague,21/09/14,,,1,0,,,,,,,,,,,,,1890,,1963,,  ,11700
Superleague,21/09/14,,,2,3,,,,,,,,,,,,,1908,,1931,, ,16003
Superleague,22/09/14,....,,0,1,,,,,,,,,,,,,1926,,1926,, ,28803
Superleague,27/09/14,,,1,0,,,,,,,,,,,,,1925,,1923,, ,32115
Superleague,27/09/14,Skoda ,,1,1,,,,,,,,,,,,,1967,,1890,, ,7244
Superleague,27/09/14, ,,0,1,,,,,,,,,,,,,1931,,1931,, ,7616
Superleague,28/09/14,,,1,1,,,,,,,,,,,,,1926,,1929,, ,7500
Superleague,28/09/14,... ,,2,3,,,,,,,,,,,,,1964,,1961,,  ,3000
Superleague,28/09/14, ,,1,0,,,,,,,,,,,,,1926,,1908,,,22700
Superleague,28/09/14,...,....,4,0,,,,,,,,,,,,,1925,,1926,, ,9088
Superleague,28/09/14,... ,,2,0,,,,,,,,,,,,,1966,,1960,, ,7500
Superleague,29/09/14,,,2,0,,,,,,,,,,,,,1963,,1994,,  ,6700
Superleague,18/10/14,, ,1,1,,,,,,,,,,,,,1926,,1931,, ,7500
Superleague,18/10/14,,,2,3,,,,,,,,,,,,,1925,,1929,, ,32115
Superleague,18/10/14,, ,1,0,,,,,,,,,,,,,1963,,1926,,  ,6700
Superleague,19/10/14,... ,,1,0,,,,,,,,,,,,,1964,,1994,,  ,3000
Superleague,19/10/14,...,,1,2,,,,,,,,,,,,,1925,,1908,, ,9088
Superleague,19/10/14,,....,2,1,,,,,,,,,,,,,1923,,1926,, ,10300
Superleague,19/10/14,Skoda ,,1,0,,,,,,,,,,,,,1967,,1931,, ,7244
Superleague,19/10/14,,,2,1,,,,,,,,,,,,,1961,,1960,,  ,6500
Superleague,20/10/14,... ,,0,1,,,,,,,,,,,,,1966,,1890,, ,7500
Superleague,25/10/14,,,1,1,,,,,,,,,,,,,1929,,1923,,,26240
Superleague,25/10/14,,... ,0,0,,,,,,,,,,,,,1994,,1966,,  ,3000
Superleague,25/10/14,,,1,0,,,,,,,,,,,,,1890,,1961,,  ,11700
Superleague,26/10/14,,... ,1,2,,,,,,,,,,,,,1931,,1964,,  ,4000
Superleague,26/10/14, ,...,2,3,,,,,,,,,,,,,1931,,1925,, ,7616
Superleague,26/10/14,,,1,0,,,,,,,,,,,,,1908,,1925,, ,16003
Superleague,26/10/14,,,3,1,,,,,,,,,,,,,1963,,1926,,  ,6700
Superleague,26/10/14,,....,4,1,,,,,,,,,,,,,1960,,1926,, ,7000
Superleague,27/10/14, ,Skoda ,2,0,,,,,,,,,,,,,1926,,1967,,,22700
Superleague,01/11/14,, ,0,0,,,,,,,,,,,,,1925,,1931,, ,32115
Superleague,01/11/14,... ,,0,0,,,,,,,,,,,,,1966,,1931,, ,7500
Superleague,01/11/14,,,2,2,,,,,,,,,,,,,1890,,1960,,  ,11700
Superleague,02/11/14,....,,0,2,,,,,,,,,,,,,1926,,1929,, ,28803
Superleague,02/11/14,... , ,0,0,,,,,,,,,,,,,1964,,1926,,  ,3000
Superleague,02/11/14,,,2,0,,,,,,,,,,,,,1923,,1908,, ,10300
Superleague,02/11/14,Skoda ,,5,2,,,,,,,,,,,,,1967,,1926,, ,7244
Superleague,02/11/14,...,,0,0,,,,,,,,,,,,,1925,,1963,, ,9088
Superleague,03/11/14,,,0,0,,,,,,,,,,,,,1961,,1994,,  ,6500
Superleague,08/11/14,,,2,2,,,,,,,,,,,,,1960,,1929,, ,7000
Superleague,08/11/14,,... ,1,2,,,,,,,,,,,,,1926,,1964,, ,7500
Superleague,08/11/14,...,Skoda ,2,1,,,,,,,,,,,,,1925,,1967,, ,9088
Superleague,09/11/14, ,... ,4,0,,,,,,,,,,,,,1926,,1966,,,22700
Superleague,09/11/14,,,0,0,,,,,,,,,,,,,1931,,1961,,  ,4000
Superleague,09/11/14,,,5,1,,,,,,,,,,,,,1963,,1925,,  ,6700
Superleague,09/11/14,,,0,2,,,,,,,,,,,,,1994,,1890,,  ,3000
Superleague,09/11/14,,....,1,2,,,,,,,,,,,,,1908,,1926,, ,16003
Superleague,10/11/14, ,,4,3,,,,,,,,,,,,,1931,,1923,, ,7616
Superleague,29/11/14,Skoda ,,2,0,,,,,,,,,,,,,1967,,1923,, ,7244
Superleague,29/11/14,,,0,0,,,,,,,,,,,,,1931,,1994,,  ,4000
Superleague,29/11/14,,,0,0,,,,,,,,,,,,,1926,,1961,, ,7500
Superleague,30/11/14, ,,1,4,,,,,,,,,,,,,1931,,1929,, ,7616
Superleague,30/11/14,...,... ,3,0,,,,,,,,,,,,,1925,,1966,, ,9088
Superleague,30/11/14,,... ,0,4,,,,,,,,,,,,,1925,,1964,, ,32115
Superleague,30/11/14,,,2,1,,,,,,,,,,,,,1960,,1908,, ,7000
Superleague,30/11/14, ,,2,1,,,,,,,,,,,,,1926,,1890,,,22700
Superleague,30/11/14,,....,3,2,,,,,,,,,,,,,1963,,1926,,  ,6700
Superleague,03/12/14,,,0,0,,,,,,,,,,,,,1960,,1923,, ,7000
Superleague,03/12/14,,... ,0,4,,,,,,,,,,,,,1961,,1966,,  ,6500
Superleague,03/12/14,,... ,1,0,,,,,,,,,,,,,1890,,1964,,  ,11700
Superleague,03/12/14,....,,1,2,,,,,,,,,,,,,1926,,1925,, ,28803
Superleague,03/12/14,,,1,0,,,,,,,,,,,,,1931,,1963,,  ,4000
Superleague,03/12/14,,Skoda ,2,1,,,,,,,,,,,,,1994,,1967,,  ,3000
Superleague,04/12/14, , ,0,2,,,,,,,,,,,,,1931,,1926,, ,7616
Superleague,04/12/14,,...,1,0,,,,,,,,,,,,,1929,,1925,,,26240
Superleague,04/12/14,,,0,1,,,,,,,,,,,,,1908,,1926,, ,16003
Superleague,06/12/14,,... ,1,1,,,,,,,,,,,,,1923,,1964,, ,10300
Superleague,06/12/14,... ,,2,2,,,,,,,,,,,,,1966,,1925,, ,7500
Superleague,06/12/14,,,2,0,,,,,,,,,,,,,1931,,1960,,  ,4000
Superleague,07/12/14,, ,1,1,,,,,,,,,,,,,1908,,1931,, ,16003
Superleague,07/12/14,, ,2,0,,,,,,,,,,,,,1994,,1926,,  ,3000
Superleague,07/12/14,,...,0,2,,,,,,,,,,,,,1961,,1925,,  ,6500
Superleague,07/12/14,,,2,1,,,,,,,,,,,,,1890,,1926,,  ,11700
Superleague,07/12/14,....,Skoda ,4,2,,,,,,,,,,,,,1926,,1967,, ,28803
Superleague,08/12/14,,,0,0,,,,,,,,,,,,,1929,,1963,,,26240
Superleague,13/12/14,,,0,0,,,,,,,,,,,,,1926,,1994,, ,7500
Superleague,13/12/14,,,1,2,,,,,,,,,,,,,1925,,1961,, ,32115
Superleague,13/12/14, ,,3,1,,,,,,,,,,,,,1926,,1931,,,22700
Superleague,14/12/14,, ,2,0,,,,,,,,,,,,,1960,,1931,, ,7000
Superleague,14/12/14,Skoda ,,0,2,,,,,,,,,,,,,1967,,1929,, ,7244
Superleague,14/12/14,,... ,1,0,,,,,,,,,,,,,1923,,1966,, ,10300
Superleague,14/12/14,,,4,0,,,,,,,,,,,,,1963,,1908,,  ,6700
Superleague,14/12/14,...,,2,0,,,,,,,,,,,,,1925,,1890,, ,9088
Superleague,14/12/14,... ,....,2,1,,,,,,,,,,,,,1964,,1926,,  ,3000
Superleague,17/12/14,,,1,0,,,,,,,,,,,,,1961,,1923,,  ,6500
Superleague,17/12/14,,... ,3,1,,,,,,,,,,,,,1929,,1964,,,26240
Superleague,17/12/14,,...,1,1,,,,,,,,,,,,,1994,,1925,,  ,3000
Superleague,17/12/14,,,2,0,,,,,,,,,,,,,1890,,1925,,  ,11700
Superleague,17/12/14,,,1,0,,,,,,,,,,,,,1931,,1926,,  ,4000
Superleague,17/12/14, ,,1,1,,,,,,,,,,,,,1931,,1963,, ,7616
Superleague,17/12/14, ,,2,0,,,,,,,,,,,,,1926,,1960,,,22700
Superleague,18/12/14,....,... ,3,0,,,,,,,,,,,,,1926,,1966,, ,28803
Superleague,18/12/14,,Skoda ,4,2,,,,,,,,,,,,,1908,,1967,, ,16003
Superleague,20/12/14,,,0,5,,,,,,,,,,,,,1925,,1994,, ,32115
Superleague,20/12/14,,,1,1,,,,,,,,,,,,,1960,,1963,, ,7000
Superleague,20/12/14,...,,1,0,,,,,,,,,,,,,1925,,1931,, ,9088
Superleague,21/12/14,Skoda , ,2,1,,,,,,,,,,,,,1967,,1931,, ,7244
Superleague,21/12/14,... ,,1,0,,,,,,,,,,,,,1966,,1929,, ,7500
Superleague,21/12/14,....,,1,2,,,,,,,,,,,,,1926,,1961,, ,28803
Superleague,21/12/14,, ,0,3,,,,,,,,,,,,,1926,,1926,, ,7500
Superleague,21/12/14,,,2,2,,,,,,,,,,,,,1923,,1890,, ,10300
Superleague,22/12/14,... ,,2,0,,,,,,,,,,,,,1964,,1908,,  ,3000
Superleague,03/01/15, ,... ,1,0,,,,,,,,,,,,,1931,,1964,, ,7616
Superleague,03/01/15, ,...,3,0,,,,,,,,,,,,,1926,,1925,,,22700
Superleague,03/01/15,,....,3,2,,,,,,,,,,,,,1890,,1926,,  ,11700
Superleague,03/01/15,,,1,3,,,,,,,,,,,,,1926,,1960,, ,7500
Superleague,04/01/15,,,0,0,,,,,,,,,,,,,1994,,1923,,  ,3000
Superleague,04/01/15,,,1,1,,,,,,,,,,,,,1929,,1961,,,26240
Superleague,04/01/15,,,2,1,,,,,,,,,,,,,1931,,1925,,  ,4000
Superleague,05/01/15,,... ,0,0,,,,,,,,,,,,,1908,,1966,, ,16003
Superleague,05/01/15,,Skoda ,0,0,,,,,,,,,,,,,1963,,1967,,  ,6700
Superleague,10/01/15,...., ,3,0,,,,,,,,,,,,,1926,,1931,, ,28803
Superleague,10/01/15,,,3,0,,,,,,,,,,,,,1890,,1931,,  ,11700
Superleague,10/01/15,,,1,1,,,,,,,,,,,,,1994,,1960,,  ,3000
Superleague,11/01/15,, ,0,3,,,,,,,,,,,,,1961,,1926,,  ,6500
Superleague,11/01/15,... ,...,3,2,,,,,,,,,,,,,1964,,1925,,  ,3000
Superleague,11/01/15,,,5,0,,,,,,,,,,,,,1929,,1908,,,26240
Superleague,11/01/15,... ,,0,0,,,,,,,,,,,,,1966,,1926,, ,7500
Superleague,11/01/15,,,1,1,,,,,,,,,,,,,1923,,1963,, ,10300
Superleague,11/01/15,,Skoda ,1,3,,,,,,,,,,,,,1925,,1967,, ,32115
Superleague,14/01/15,... , ,2,2,,,,,,,,,,,,,1966,,1931,, ,7500
Superleague,14/01/15,....,,1,2,,,,,,,,,,,,,1926,,1994,, ,28803
Superleague,14/01/15,,,1,0,,,,,,,,,,,,,1961,,1908,,  ,6500
Superleague,14/01/15,...,,3,1,,,,,,,,,,,,,1925,,1926,, ,9088
Superleague,14/01/15,... ,,1,0,,,,,,,,,,,,,1964,,1963,,  ,3000
Superleague,14/01/15,,Skoda ,2,2,,,,,,,,,,,,,1960,,1967,, ,7000
Superleague,15/01/15,, ,0,3,,,,,,,,,,,,,1925,,1926,, ,32115
Superleague,15/01/15,,,0,0,,,,,,,,,,,,,1923,,1931,, ,10300
Superleague,17/01/15,Skoda ,... ,0,0,,,,,,,,,,,,,1967,,1964,, ,7244
Superleague,17/01/15,,,1,1,,,,,,,,,,,,,1908,,1890,, ,16003
Superleague,17/01/15,...,,4,1,,,,,,,,,,,,,1925,,1960,, ,9088
Superleague,18/01/15, ,,3,0,,,,,,,,,,,,,1926,,1923,,,22700
Superleague,18/01/15,,... ,2,2,,,,,,,,,,,,,1963,,1966,,  ,6700
Superleague,18/01/15, ,,3,1,,,,,,,,,,,,,1931,,1961,, ,7616
Superleague,18/01/15,,,2,0,,,,,,,,,,,,,1926,,1925,, ,7500
Superleague,18/01/15,,....,1,0,,,,,,,,,,,,,1931,,1926,,  ,4000
Superleague,19/01/15,,,3,3,,,,,,,,,,,,,1994,,1929,,  ,3000
Superleague,24/01/15,, ,2,0,,,,,,,,,,,,,1890,,1931,,  ,11700
Superleague,24/01/15,,... ,4,0,,,,,,,,,,,,,1960,,1964,, ,7000
Superleague,24/01/15,...., ,0,3,,,,,,,,,,,,,1926,,1926,, ,28803
Superleague,24/01/15,,...,0,3,,,,,,,,,,,,,1925,,1925,, ,32115
Superleague,24/01/15,,,1,0,,,,,,,,,,,,,1994,,1908,,  ,3000
Superleague,24/01/15,,,1,0,,,,,,,,,,,,,1961,,1963,,  ,6500
Superleague,24/01/15,... ,Skoda ,1,1,,,,,,,,,,,,,1966,,1967,, ,7500
Superleague,26/01/15,,,1,1,,,,,,,,,,,,,1923,,1926,, ,10300
Superleague,26/01/15,,,1,2,,,,,,,,,,,,,1929,,1931,,,26240
Superleague,31/01/15, ,,1,0,,,,,,,,,,,,,1931,,1994,, ,7616
Superleague,31/01/15,,,2,1,,,,,,,,,,,,,1963,,1890,,  ,6700
Superleague,31/01/15,,....,1,2,,,,,,,,,,,,,1926,,1926,, ,7500
Superleague,01/02/15, ,,3,0,,,,,,,,,,,,,1926,,1929,,,22700
Superleague,01/02/15,... ,... ,2,1,,,,,,,,,,,,,1964,,1966,,  ,3000
Superleague,01/02/15,Skoda ,,1,2,,,,,,,,,,,,,1967,,1961,, ,7244
Superleague,01/02/15,,,3,0,,,,,,,,,,,,,1931,,1908,,  ,4000
Superleague,01/02/15,,,0,2,,,,,,,,,,,,,1925,,1960,, ,32115
Superleague,04/02/15,, ,1,0,,,,,,,,,,,,,1931,,1931,,  ,4000
Superleague,04/02/15,,... ,4,1,,,,,,,,,,,,,1960,,1966,, ,7000
Superleague,04/02/15,,... ,0,0,,,,,,,,,,,,,1961,,1964,,  ,6500
Superleague,04/02/15,....,...,3,1,,,,,,,,,,,,,1926,,1925,, ,28803
Superleague,04/02/15,,,2,1,,,,,,,,,,,,,1923,,1925,, ,10300
Superleague,04/02/15,,,4,0,,,,,,,,,,,,,1929,,1926,,,26240
Superleague,04/02/15,,Skoda ,1,1,,,,,,,,,,,,,1890,,1967,,  ,11700
Superleague,05/02/15,, ,0,3,,,,,,,,,,,,,1908,,1926,, ,16003
Superleague,05/02/15,,,3,2,,,,,,,,,,,,,1994,,1963,,  ,3000
Superleague,07/02/15,...,,3,2,,,,,,,,,,,,,1925,,1929,, ,9088
Superleague,07/02/15,... ,,1,2,,,,,,,,,,,,,1966,,1961,, ,7500
Superleague,07/02/15,,,1,1,,,,,,,,,,,,,1923,,1960,, ,10300
Superleague,08/02/15, , ,3,0,,,,,,,,,,,,,1926,,1931,,,22700
Superleague,08/02/15,,,1,0,,,,,,,,,,,,,1926,,1908,, ,7500
Superleague,08/02/15,... ,,0,0,,,,,,,,,,,,,1964,,1890,,  ,3000
Superleague,08/02/15,,....,0,0,,,,,,,,,,,,,1925,,1926,, ,32115
Superleague,08/02/15,,,2,0,,,,,,,,,,,,,1963,,1931,,  ,6700
Superleague,09/02/15,Skoda ,,2,2,,,,,,,,,,,,,1967,,1994,, ,7244
Superleague,14/02/15,,... ,1,3,,,,,,,,,,,,,1890,,1966,,  ,11700
Superleague,14/02/15,,,3,0,,,,,,,,,,,,,1929,,1925,,,26240
Superleague,14/02/15, ,,2,0,,,,,,,,,,,,,1931,,1926,, ,7616
Superleague,14/02/15, ,,3,0,,,,,,,,,,,,,1926,,1963,,,22700
Superleague,15/02/15,....,,4,0,,,,,,,,,,,,,1926,,1923,, ,28803
Superleague,15/02/15,,... ,2,0,,,,,,,,,,,,,1994,,1964,,  ,3000
Superleague,15/02/15,,,0,2,,,,,,,,,,,,,1960,,1961,, ,7000
Superleague,15/02/15,,...,2,3,,,,,,,,,,,,,1908,,1925,, ,16003
Superleague,16/02/15,,Skoda ,0,0,,,,,,,,,,,,,1931,,1967,,  ,4000
Superleague,18/02/15,,,2,2,,,,,,,,,,,,,1890,,1929,,  ,11700
Superleague,21/02/15,... ,,1,0,,,,,,,,,,,,,1966,,1994,, ,7500
Superleague,21/02/15,Skoda , ,0,3,,,,,,,,,,,,,1967,,1926,, ,7244
Superleague,21/02/15,,,0,0,,,,,,,,,,,,,1926,,1963,, ,7500
Superleague,21/02/15,....,,1,3,,,,,,,,,,,,,1926,,1960,, ,28803
Superleague,22/02/15,..., ,6,1,,,,,,,,,,,,,1925,,1931,, ,9088
Superleague,22/02/15,,,2,1,,,,,,,,,,,,,1925,,1908,, ,32115
Superleague,22/02/15,,,1,0,,,,,,,,,,,,,1961,,1890,,  ,6500
Superleague,22/02/15,... ,,1,1,,,,,,,,,,,,,1964,,1931,,  ,3000
Superleague,23/02/15,,,1,2,,,,,,,,,,,,,1923,,1929,, ,10300
Superleague,07/03/15,, ,1,0,,,,,,,,,,,,,1923,,1931,, ,10300
Superleague,07/03/15,,,0,1,,,,,,,,,,,,,1929,,1960,,,26240
Superleague,08/03/15,,,1,0,,,,,,,,,,,,,1890,,1994,,  ,11700
Superleague,08/03/15,... , ,0,3,,,,,,,,,,,,,1966,,1926,, ,7500
Superleague,08/03/15,Skoda ,...,0,1,,,,,,,,,,,,,1967,,1925,, ,7244
Superleague,08/03/15,....,,4,3,,,,,,,,,,,,,1926,,1908,, ,28803
Superleague,08/03/15,... ,,0,1,,,,,,,,,,,,,1964,,1926,,  ,3000
Superleague,09/03/15,,,1,3,,,,,,,,,,,,,1961,,1931,,  ,6500
Superleague,14/03/15,,,2,0,,,,,,,,,,,,,1963,,1923,,  ,6700
Superleague,14/03/15,,,0,2,,,,,,,,,,,,,1908,,1929,, ,16003
Superleague,14/03/15, ,....,0,0,,,,,,,,,,,,,1931,,1926,, ,7616
Superleague,15/03/15,,... ,0,0,,,,,,,,,,,,,1926,,1966,, ,7500
Superleague,15/03/15,,,4,1,,,,,,,,,,,,,1960,,1994,, ,7000
Superleague,15/03/15,...,... ,4,1,,,,,,,,,,,,,1925,,1964,, ,9088
Superleague,15/03/15, ,,3,0,,,,,,,,,,,,,1926,,1961,,,22700
Superleague,15/03/15,Skoda ,,2,0,,,,,,,,,,,,,1967,,1925,, ,7244
Superleague,15/03/15,,,0,0,,,,,,,,,,,,,1931,,1890,,  ,4000
Superleague,18/03/15,,,2,0,,,,,,,,,,,,,1908,,1923,, ,16003
Superleague,18/03/15,,... ,1,0,,,,,,,,,,,,,1931,,1966,,  ,4000
Superleague,18/03/15, ,... ,3,0,,,,,,,,,,,,,1926,,1964,,,22700
Superleague,18/03/15,,,3,0,,,,,,,,,,,,,1994,,1961,,  ,3000
Superleague,18/03/15,,...,0,1,,,,,,,,,,,,,1963,,1925,,  ,6700
Superleague,18/03/15,,,4,2,,,,,,,,,,,,,1960,,1890,, ,7000
Superleague,18/03/15,,....,1,0,,,,,,,,,,,,,1929,,1926,,,26240
Superleague,18/03/15,,Skoda ,3,0,,,,,,,,,,,,,1926,,1967,, ,7500
Superleague,19/03/15, ,,2,0,,,,,,,,,,,,,1931,,1925,, ,7616
Superleague,21/03/15,, ,0,3,,,,,,,,,,,,,1890,,1926,,  ,11700
Superleague,21/03/15,... ,...,0,3,,,,,,,,,,,,,1966,,1925,, ,7500
Superleague,21/03/15,,,0,1,,,,,,,,,,,,,1961,,1926,,  ,6500
Superleague,21/03/15,....,,3,1,,,,,,,,,,,,,1926,,1963,, ,28803
Superleague,22/03/15,, ,2,1,,,,,,,,,,,,,1929,,1931,,,26240
Superleague,22/03/15,... ,,3,0,,,,,,,,,,,,,1964,,1925,,  ,3000
Superleague,22/03/15,,,1,0,,,,,,,,,,,,,1908,,1960,, ,16003
Superleague,22/03/15,,Skoda ,1,0,,,,,,,,,,,,,1923,,1967,, ,10300
Superleague,23/03/15,,,1,0,,,,,,,,,,,,,1994,,1931,,  ,3000
Superleague,04/04/15, ,,2,2,,,,,,,,,,,,,1931,,1908,, ,7616
Superleague,04/04/15,,,1,0,,,,,,,,,,,,,1960,,1931,, ,7000
Superleague,05/04/15,,,2,1,,,,,,,,,,,,,1963,,1929,,  ,6700
Superleague,05/04/15,,... ,3,1,,,,,,,,,,,,,1925,,1966,, ,32115
Superleague,05/04/15, ,,3,0,,,,,,,,,,,,,1926,,1994,,,22700
Superleague,05/04/15,...,,3,0,,,,,,,,,,,,,1925,,1961,, ,9088
Superleague,05/04/15,,,3,0,,,,,,,,,,,,,1926,,1890,, ,7500
Superleague,05/04/15,Skoda ,....,2,1,,,,,,,,,,,,,1967,,1926,, ,7244
Superleague,06/04/15,... ,,2,1,,,,,,,,,,,,,1964,,1923,,  ,3000
Superleague,10/04/15,, ,0,3,,,,,,,,,,,,,1931,,1926,,  ,4000
Superleague,15/04/15,...,,3,0,,,,,,,,,,,,,1925,,1923,, ,9088
Superleague,15/04/15,,,1,3,,,,,,,,,,,,,1925,,1963,, ,32115
Superleague,18/04/15,....,... ,0,1,,,,,,,,,,,,,1926,,1964,, ,28803
Superleague,18/04/15,,,2,0,,,,,,,,,,,,,1994,,1926,,  ,3000
Superleague,18/04/15,,Skoda ,0,1,,,,,,,,,,,,,1929,,1967,,,26240
Superleague,19/04/15,... ,,1,1,,,,,,,,,,,,,1966,,1923,, ,7500
Superleague,19/04/15,,...,0,3,,,,,,,,,,,,,1890,,1925,,  ,11700
Superleague,19/04/15,,,4,0,,,,,,,,,,,,,1961,,1925,,  ,6500
Superleague,19/04/15,,,2,1,,,,,,,,,,,,,1908,,1963,, ,16003
Superleague,20/04/15, ,,4,0,,,,,,,,,,,,,1931,,1960,, ,7616
Superleague,25/04/15,...,,3,0,,,,,,,,,,,,,1925,,1994,, ,9088
Superleague,25/04/15,Skoda ,,2,0,,,,,,,,,,,,,1967,,1908,, ,7244
Superleague,26/04/15,, ,2,1,,,,,,,,,,,,,1963,,1931,,  ,6700
Superleague,26/04/15,,,2,1,,,,,,,,,,,,,1923,,1961,, ,10300
Superleague,26/04/15,, ,0,3,,,,,,,,,,,,,1960,,1926,, ,7000
Superleague,26/04/15,,,2,2,,,,,,,,,,,,,1925,,1890,, ,32115
Superleague,26/04/15,... ,....,1,1,,,,,,,,,,,,,1966,,1926,, ,7500
Superleague,26/04/15,,,2,0,,,,,,,,,,,,,1926,,1931,, ,7500
Superleague,27/04/15,... ,,1,2,,,,,,,,,,,,,1964,,1929,,  ,3000
Superleague,02/05/15,,...,0,3,,,,,,,,,,,,,1931,,1925,,  ,4000
Superleague,02/05/15, ,,3,0,,,,,,,,,,,,,1926,,1926,,,22700
Superleague,03/05/15,,,3,1,,,,,,,,,,,,,1890,,1923,,  ,11700
Superleague,03/05/15,,... ,0,0,,,,,,,,,,,,,1929,,1966,,,26240
Superleague,03/05/15,,... ,1,1,,,,,,,,,,,,,1908,,1964,, ,16003
Superleague,03/05/15,,,5,0,,,,,,,,,,,,,1994,,1925,,  ,3000
Superleague,03/05/15,,....,1,0,,,,,,,,,,,,,1961,,1926,,  ,6500
Superleague,03/05/15,,,0,1,,,,,,,,,,,,,1963,,1960,,  ,6700
Superleague,03/05/15, ,Skoda ,0,0,,,,,,,,,,,,,1931,,1967,, ,7616
Superleague,10/05/15,... , ,2,0,,,,,,,,,,,,,1964,,1931,,  ,3000
Superleague,10/05/15,,,0,2,,,,,,,,,,,,,1961,,1929,,  ,6500
Superleague,10/05/15,,,1,1,,,,,,,,,,,,,1923,,1994,, ,10300
Superleague,10/05/15,..., ,,,,,,,,,,,,,,,1925,,1926,, ,9088
Superleague,10/05/15,... ,,3,1,,,,,,,,,,,,,1966,,1908,, ,7500
Superleague,10/05/15,,,2,0,,,,,,,,,,,,,1960,,1926,, ,7000
Superleague,10/05/15,....,,0,0,,,,,,,,,,,,,1926,,1890,, ,28803
Superleague,10/05/15,Skoda ,,2,0,,,,,,,,,,,,,1967,,1963,, ,7244
Superleague,10/05/15,,,1,1,,,,,,,,,,,,,1925,,1931,, ,32115
Superleague,22/08/15,,...,3,0,,,,,,,,,,,,,1931,,1924,,  ,4000
Superleague,22/08/15,,,0,1,,,,,,,,,,,,,1908,,1994,,,27770
Superleague,22/08/15, ,,0,2,,,,,,,,,,,,,1931,,1963,, ,7616
Superleague,23/08/15,,,1,0,,,,,,,,,,,,,1961,,1923,,  ,6500
Superleague,23/08/15,,,3,0,,,,,,,,,,,,,1890,,1925,,  ,11700
Superleague,23/08/15,Skoda ,....,0,0,,,,,,,,,,,,,1967,,1926,, ,7244
Superleague,23/08/15,... ,,1,1,,,,,,,,,,,,,1966,,1960,, ,7500
Superleague,24/08/15,,,1,2,,,,,,,,,,,,,1908,,1926,, ,16003
Superleague,29/08/15,,,0,2,,,,,,,,,,,,,1925,,1961,, ,32115
Superleague,29/08/15,,,0,2,,,,,,,,,,,,,1960,,1963,, ,7000
Superleague,29/08/15,...,Skoda ,0,0,,,,,,,,,,,,,1924,,1967,, ,69618
Superleague,30/08/15,, ,0,2,,,,,,,,,,,,,1926,,1931,, ,7500
Superleague,30/08/15,....,... ,3,1,,,,,,,,,,,,,1926,,1966,, ,28803
Superleague,30/08/15,,,0,1,,,,,,,,,,,,,1890,,1908,,  ,11700
Superleague,30/08/15,,,4,0,,,,,,,,,,,,,1994,,1908,,  ,3000
Superleague,31/08/15,,,1,2,,,,,,,,,,,,,1923,,1931,, ,10300
Superleague,12/09/15, ,,1,1,,,,,,,,,,,,,1931,,1994,, ,7616
Superleague,12/09/15,,,3,1,,,,,,,,,,,,,1931,,1925,,  ,4000
Superleague,12/09/15,....,,0,3,,,,,,,,,,,,,1926,,1960,, ,28803
Superleague,13/09/15,... ,...,3,1,,,,,,,,,,,,,1966,,1924,, ,7500
Superleague,13/09/15,Skoda ,,0,1,,,,,,,,,,,,,1967,,1923,, ,7244
Superleague,13/09/15,,,1,0,,,,,,,,,,,,,1963,,1926,,  ,6700
Superleague,13/09/15,,,1,0,,,,,,,,,,,,,1908,,1890,, ,16003
Superleague,14/09/15,,,0,1,,,,,,,,,,,,,1961,,1908,,  ,6500
Superleague,22/09/15,,,1,1,,,,,,,,,,,,,1960,,1926,, ,7000
Superleague,22/09/15,,,0,0,,,,,,,,,,,,,1908,,1931,,,27770
Superleague,22/09/15,,Skoda ,1,3,,,,,,,,,,,,,1925,,1967,, ,32115
Superleague,23/09/15,, ,2,1,,,,,,,,,,,,,1890,,1931,,  ,11700
Superleague,23/09/15,,... ,1,0,,,,,,,,,,,,,1923,,1966,, ,10300
Superleague,23/09/15,,,3,0,,,,,,,,,,,,,1961,,1908,,  ,6500
Superleague,23/09/15,,,0,0,,,,,,,,,,,,,1994,,1963,,  ,3000
Superleague,23/09/15,...,....,2,1,,,,,,,,,,,,,1924,,1926,, ,69618
Superleague,26/09/15,Skoda ,,1,1,,,,,,,,,,,,,1967,,1908,, ,7244
Superleague,26/09/15,,,5,1,,,,,,,,,,,,,1926,,1994,, ,7500
Superleague,26/09/15,... ,,5,1,,,,,,,,,,,,,1966,,1925,, ,7500
Superleague,27/09/15,....,,1,2,,,,,,,,,,,,,1926,,1923,, ,28803
Superleague,27/09/15, ,,2,1,,,,,,,,,,,,,1931,,1961,, ,7616
Superleague,27/09/15,,,1,0,,,,,,,,,,,,,1931,,1908,,  ,4000
Superleague,27/09/15,,,1,1,,,,,,,,,,,,,1963,,1890,,  ,6700
Superleague,28/09/15,...,,1,2,,,,,,,,,,,,,1924,,1960,, ,69618
Superleague,03/10/15,,,1,5,,,,,,,,,,,,,1890,,1926,,  ,11700
Superleague,03/10/15,,,1,3,,,,,,,,,,,,,1961,,1963,,  ,6500
Superleague,03/10/15,,Skoda ,0,1,,,,,,,,,,,,,1908,,1967,, ,16003
Superleague,04/10/15,,...,1,0,,,,,,,,,,,,,1923,,1924,, ,10300
Superleague,04/10/15,,... ,2,2,,,,,,,,,,,,,1908,,1966,,,27770
Superleague,04/10/15,,,0,1,,,,,,,,,,,,,1960,,1994,, ,7000
Superleague,04/10/15,,....,0,2,,,,,,,,,,,,,1925,,1926,, ,32115
Superleague,05/10/15,, ,1,1,,,,,,,,,,,,,1931,,1931,,  ,4000
Superleague,17/10/15,...,,4,0,,,,,,,,,,,,,1924,,1925,, ,69618
Superleague,17/10/15,,,2,0,,,,,,,,,,,,,1994,,1890,,  ,3000
Superleague,17/10/15,,,4,0,,,,,,,,,,,,,1963,,1931,,  ,6700
Superleague,18/10/15,Skoda , ,1,1,,,,,,,,,,,,,1967,,1931,, ,7244
Superleague,18/10/15,....,,3,3,,,,,,,,,,,,,1926,,1908,, ,28803
Superleague,18/10/15,,,2,2,,,,,,,,,,,,,1926,,1961,, ,7500
Superleague,18/10/15,,,0,1,,,,,,,,,,,,,1923,,1960,, ,10300
Superleague,19/10/15,... ,,3,1,,,,,,,,,,,,,1966,,1908,, ,7500
Superleague,24/10/15,,...,5,1,,,,,,,,,,,,,1908,,1924,,,27770
Superleague,24/10/15,,,0,0,,,,,,,,,,,,,1961,,1994,,  ,6500
Superleague,24/10/15,,,1,2,,,,,,,,,,,,,1931,,1926,,  ,4000
Superleague,25/10/15,,,1,2,,,,,,,,,,,,,1925,,1923,, ,32115
Superleague,25/10/15, ,... ,1,2,,,,,,,,,,,,,1931,,1966,, ,7616
Superleague,25/10/15,,,0,1,,,,,,,,,,,,,1960,,1890,, ,7000
Superleague,25/10/15,Skoda ,,0,0,,,,,,,,,,,,,1967,,1963,, ,7244
Superleague,25/10/15,,....,3,1,,,,,,,,,,,,,1908,,1926,, ,16003
Superleague,31/10/15,,,0,2,,,,,,,,,,,,,1890,,1961,,  ,11700
Superleague,31/10/15,,,2,1,,,,,,,,,,,,,1994,,1931,,  ,3000
Superleague,31/10/15,,,0,2,,,,,,,,,,,,,1925,,1960,, ,32115
Superleague,01/11/15,...., ,2,1,,,,,,,,,,,,,1926,,1931,, ,28803
Superleague,01/11/15,,... ,2,0,,,,,,,,,,,,,1963,,1966,,  ,6700
Superleague,01/11/15,...,,0,0,,,,,,,,,,,,,1924,,1908,, ,69618
Superleague,01/11/15,,Skoda ,3,1,,,,,,,,,,,,,1926,,1967,, ,7500
Superleague,02/11/15,,,2,0,,,,,,,,,,,,,1923,,1908,, ,10300
Superleague,07/11/15,,,1,2,,,,,,,,,,,,,1908,,1923,, ,16003
Superleague,07/11/15,Skoda ,,2,2,,,,,,,,,,,,,1967,,1994,, ,7244
Superleague,07/11/15,,,2,1,,,,,,,,,,,,,1931,,1890,,  ,4000
Superleague,08/11/15, ,...,0,1,,,,,,,,,,,,,1931,,1924,, ,7616
Superleague,08/11/15,,,1,1,,,,,,,,,,,,,1960,,1961,, ,7000
Superleague,08/11/15,,,2,0,,,,,,,,,,,,,1908,,1925,,,27770
Superleague,08/11/15,,....,3,3,,,,,,,,,,,,,1963,,1926,,  ,6700
Superleague,09/11/15,... ,,2,1,,,,,,,,,,,,,1966,,1926,, ,7500
Superleague,21/11/15,, ,1,0,,,,,,,,,,,,,1923,,1931,, ,10300
Superleague,21/11/15,,... ,2,1,,,,,,,,,,,,,1994,,1966,,  ,3000
Superleague,21/11/15,,,0,3,,,,,,,,,,,,,1925,,1908,, ,32115
Superleague,22/11/15,...,,1,2,,,,,,,,,,,,,1924,,1963,, ,69618
Superleague,22/11/15,,....,0,0,,,,,,,,,,,,,1926,,1926,, ,7500
Superleague,22/11/15,,,2,1,,,,,,,,,,,,,1961,,1931,,  ,6500
Superleague,22/11/15,,Skoda ,2,0,,,,,,,,,,,,,1890,,1967,,  ,11700
Superleague,23/11/15,,,0,0,,,,,,,,,,,,,1908,,1960,,,27770
Superleague,28/11/15,,,1,2,,,,,,,,,,,,,1963,,1923,,  ,6700
Superleague,28/11/15,,,1,0,,,,,,,,,,,,,1908,,1908,, ,16003
Superleague,28/11/15,... ,,2,0,,,,,,,,,,,,,1966,,1890,, ,7500
Superleague,29/11/15,,...,2,0,,,,,,,,,,,,,1926,,1924,, ,7500
Superleague,29/11/15,Skoda ,,1,0,,,,,,,,,,,,,1967,,1961,, ,7244
Superleague,29/11/15, ,,3,1,,,,,,,,,,,,,1931,,1925,, ,7616
Superleague,29/11/15,,,0,0,,,,,,,,,,,,,1960,,1931,, ,7000
Superleague,30/11/15,....,,1,3,,,,,,,,,,,,,1926,,1994,, ,28803
Superleague,05/12/15,, ,1,2,,,,,,,,,,,,,1908,,1931,,,27770
Superleague,05/12/15,,,3,4,,,,,,,,,,,,,1925,,1963,, ,32115
Superleague,05/12/15,,Skoda ,0,2,,,,,,,,,,,,,1931,,1967,,  ,4000
Superleague,06/12/15,,...,3,0,,,,,,,,,,,,,1994,,1924,,  ,3000
Superleague,06/12/15,,... ,0,1,,,,,,,,,,,,,1961,,1966,,  ,6500
Superleague,06/12/15,,....,2,1,,,,,,,,,,,,,1890,,1926,,  ,11700
Superleague,06/12/15,,,0,1,,,,,,,,,,,,,1908,,1960,, ,16003
Superleague,07/12/15,,,1,1,,,,,,,,,,,,,1923,,1926,, ,10300
Superleague,12/12/15,,,0,0,,,,,,,,,,,,,1963,,1908,,  ,6700
Superleague,12/12/15,...,,1,1,,,,,,,,,,,,,1924,,1890,, ,69618
Superleague,12/12/15,... ,,0,1,,,,,,,,,,,,,1966,,1931,, ,7500
Superleague,13/12/15,,,1,0,,,,,,,,,,,,,1994,,1923,,  ,3000
Superleague,13/12/15,,,1,0,,,,,,,,,,,,,1926,,1925,, ,7500
Superleague,13/12/15, ,,2,0,,,,,,,,,,,,,1931,,1908,, ,7616
Superleague,13/12/15,,Skoda ,1,1,,,,,,,,,,,,,1960,,1967,, ,7000
Superleague,14/12/15,....,,0,0,,,,,,,,,,,,,1926,,1961,, ,28803
Superleague,19/12/15,,,1,0,,,,,,,,,,,,,1890,,1923,,  ,11700
Superleague,19/12/15,,,0,2,,,,,,,,,,,,,1925,,1994,, ,32115
Superleague,19/12/15, ,,1,0,,,,,,,,,,,,,1931,,1960,, ,7616
Superleague,20/12/15,Skoda ,... ,1,1,,,,,,,,,,,,,1967,,1966,, ,7244
Superleague,20/12/15,,,2,0,,,,,,,,,,,,,1908,,1926,,,27770
Superleague,20/12/15,,,1,0,,,,,,,,,,,,,1908,,1963,, ,16003
Superleague,20/12/15,,....,1,0,,,,,,,,,,,,,1931,,1926,,  ,4000
Superleague,21/12/15,,...,1,2,,,,,,,,,,,,,1961,,1924,,  ,6500
Superleague,02/01/16,, ,4,0,,,,,,,,,,,,,1963,,1931,,  ,6700
Superleague,02/01/16,,... ,2,0,,,,,,,,,,,,,1960,,1966,, ,7000
Superleague,02/01/16,,,3,0,,,,,,,,,,,,,1994,,1908,,  ,3000
Superleague,03/01/16,,,1,3,,,,,,,,,,,,,1925,,1890,, ,32115
Superleague,03/01/16,...,,0,3,,,,,,,,,,,,,1924,,1931,, ,69618
Superleague,04/01/16,,,4,2,,,,,,,,,,,,,1926,,1908,, ,7500
Superleague,09/01/16,Skoda ,...,2,1,,,,,,,,,,,,,1967,,1924,, ,7244
Superleague,09/01/16,,,0,0,,,,,,,,,,,,,1931,,1923,,  ,4000
Superleague,09/01/16,,,0,0,,,,,,,,,,,,,1963,,1960,,  ,6700
Superleague,10/01/16,,,3,1,,,,,,,,,,,,,1961,,1925,,  ,6500
Superleague,10/01/16, ,,2,1,,,,,,,,,,,,,1931,,1926,, ,7616
Superleague,10/01/16,,,1,0,,,,,,,,,,,,,1908,,1890,,,27770
Superleague,10/01/16,... ,....,3,1,,,,,,,,,,,,,1966,,1926,, ,7500
Superleague,11/01/16,,,0,2,,,,,,,,,,,,,1908,,1994,, ,16003
Superleague,16/01/16,,,1,1,,,,,,,,,,,,,1908,,1961,,,27770
Superleague,16/01/16,,,0,0,,,,,,,,,,,,,1926,,1963,, ,7500
Superleague,16/01/16,,Skoda ,2,2,,,,,,,,,,,,,1923,,1967,, ,10300
Superleague,17/01/16,, ,3,1,,,,,,,,,,,,,1994,,1931,,  ,3000
Superleague,17/01/16,...,... ,0,2,,,,,,,,,,,,,1924,,1966,, ,69618
Superleague,17/01/16,,,0,0,,,,,,,,,,,,,1890,,1908,,  ,11700
Superleague,17/01/16,,....,2,1,,,,,,,,,,,,,1960,,1926,, ,7000
Superleague,18/01/16,,,1,1,,,,,,,,,,,,,1925,,1931,, ,32115
Superleague,20/01/16,....,Skoda ,1,1,,,,,,,,,,,,,1926,,1967,, ,28803
Superleague,23/01/16,,,2,0,,,,,,,,,,,,,1963,,1994,,  ,6700
Superleague,23/01/16,Skoda ,,1,0,,,,,,,,,,,,,1967,,1925,, ,7244
Superleague,23/01/16, ,,0,0,,,,,,,,,,,,,1931,,1890,, ,7616
Superleague,24/01/16,....,...,1,0,,,,,,,,,,,,,1926,,1924,, ,28803
Superleague,24/01/16,... ,,0,2,,,,,,,,,,,,,1966,,1923,, ,7500
Superleague,24/01/16,,,0,2,,,,,,,,,,,,,1908,,1961,, ,16003
Superleague,24/01/16,,,0,1,,,,,,,,,,,,,1926,,1960,, ,7500
Superleague,25/01/16,,,0,0,,,,,,,,,,,,,1931,,1908,,  ,4000
Superleague,30/01/16,,,1,0,,,,,,,,,,,,,1994,,1926,,  ,3000
Superleague,30/01/16,,,0,1,,,,,,,,,,,,,1890,,1963,,  ,11700
Superleague,30/01/16,,....,1,1,,,,,,,,,,,,,1923,,1926,, ,10300
Superleague,31/01/16,,...,3,0,,,,,,,,,,,,,1960,,1924,, ,7000
Superleague,31/01/16,, ,2,0,,,,,,,,,,,,,1961,,1931,,  ,6500
Superleague,31/01/16,,... ,0,3,,,,,,,,,,,,,1925,,1966,, ,32115
Superleague,31/01/16,,,2,3,,,,,,,,,,,,,1908,,1931,, ,16003
Superleague,31/01/16,,Skoda ,2,0,,,,,,,,,,,,,1908,,1967,,,27770
Superleague,06/02/16,,,1,1,,,,,,,,,,,,,1963,,1961,,  ,6700
Superleague,06/02/16,Skoda ,,0,1,,,,,,,,,,,,,1967,,1908,, ,7244
Superleague,06/02/16, ,,2,0,,,,,,,,,,,,,1931,,1931,, ,7616
Superleague,07/02/16,...,,1,0,,,,,,,,,,,,,1924,,1923,, ,69618
Superleague,07/02/16,... ,,1,0,,,,,,,,,,,,,1966,,1908,, ,7500
Superleague,07/02/16,....,,1,0,,,,,,,,,,,,,1926,,1925,, ,28803
Superleague,07/02/16,,,2,0,,,,,,,,,,,,,1994,,1960,,  ,3000
Superleague,08/02/16,,,2,0,,,,,,,,,,,,,1926,,1890,, ,7500
Superleague,13/02/16,,...,1,0,,,,,,,,,,,,,1925,,1924,, ,32115
Superleague,13/02/16,,,0,0,,,,,,,,,,,,,1960,,1923,, ,7000
Superleague,13/02/16,,,0,2,,,,,,,,,,,,,1931,,1963,,  ,4000
Superleague,14/02/16,,... ,0,3,,,,,,,,,,,,,1908,,1966,, ,16003
Superleague,14/02/16,,,1,1,,,,,,,,,,,,,1890,,1994,,  ,11700
Superleague,14/02/16,,,2,0,,,,,,,,,,,,,1961,,1926,,  ,6500
Superleague,14/02/16,,....,0,1,,,,,,,,,,,,,1908,,1926,,,27770
Superleague,15/02/16, ,Skoda ,0,0,,,,,,,,,,,,,1931,,1967,, ,7616
Superleague,17/02/16,,,1,1,,,,,,,,,,,,,1923,,1961,, ,10300
Superleague,20/02/16,... , ,0,0,,,,,,,,,,,,,1966,,1931,, ,7500
Superleague,20/02/16,...,,1,1,,,,,,,,,,,,,1924,,1908,, ,69618
Superleague,20/02/16,,,1,0,,,,,,,,,,,,,1994,,1961,,  ,3000
Superleague,21/02/16,,,4,0,,,,,,,,,,,,,1923,,1925,, ,10300
Superleague,21/02/16,....,,2,2,,,,,,,,,,,,,1926,,1908,, ,28803
Superleague,21/02/16,,,1,1,,,,,,,,,,,,,1926,,1931,, ,7500
Superleague,21/02/16,,Skoda ,1,0,,,,,,,,,,,,,1963,,1967,,  ,6700
Superleague,22/02/16,,,1,1,,,,,,,,,,,,,1890,,1960,,  ,11700
Superleague,27/02/16,,,2,1,,,,,,,,,,,,,1931,,1994,,  ,4000
Superleague,27/02/16,Skoda ,,2,2,,,,,,,,,,,,,1967,,1926,, ,7244
Superleague,27/02/16, ,....,2,0,,,,,,,,,,,,,1931,,1926,, ,7616
Superleague,28/02/16,,...,1,0,,,,,,,,,,,,,1908,,1924,, ,16003
Superleague,28/02/16,,,3,0,,,,,,,,,,,,,1960,,1925,, ,7000
Superleague,28/02/16,,,0,2,,,,,,,,,,,,,1961,,1890,,  ,6500
Superleague,28/02/16,... ,,2,4,,,,,,,,,,,,,1966,,1963,, ,7500
Superleague,29/02/16,,,1,0,,,,,,,,,,,,,1908,,1923,,,27770
Superleague,05/03/16,,... ,2,0,,,,,,,,,,,,,1926,,1966,, ,7500
Superleague,05/03/16,,,0,0,,,,,,,,,,,,,1890,,1931,,  ,11700
Superleague,06/03/16,,,2,0,,,,,,,,,,,,,1923,,1908,, ,10300
Superleague,06/03/16,....,,2,1,,,,,,,,,,,,,1926,,1963,, ,28803
Superleague,06/03/16,,,0,0,,,,,,,,,,,,,1961,,1960,,  ,6500
Superleague,06/03/16,,Skoda ,0,0,,,,,,,,,,,,,1994,,1967,,  ,3000
Superleague,07/03/16,..., ,0,0,,,,,,,,,,,,,1924,,1931,, ,69618
Superleague,12/03/16,... ,,0,2,,,,,,,,,,,,,1966,,1994,, ,7500
Superleague,12/03/16,....,,0,3,,,,,,,,,,,,,1926,,1926,, ,28803
Superleague,12/03/16,Skoda ,,3,0,,,,,,,,,,,,,1967,,1890,, ,7244
Superleague,13/03/16, ,,2,1,,,,,,,,,,,,,1931,,1923,, ,7616
Superleague,13/03/16,,,1,1,,,,,,,,,,,,,1960,,1908,, ,7000
Superleague,13/03/16,,,0,3,,,,,,,,,,,,,1931,,1961,,  ,4000
Superleague,13/03/16,,,3,1,,,,,,,,,,,,,1908,,1925,, ,16003
Superleague,14/03/16,,...,3,0,,,,,,,,,,,,,1963,,1924,,  ,6700
Superleague,19/03/16,,,4,0,,,,,,,,,,,,,1908,,1908,,,27770
Superleague,19/03/16,,,0,1,,,,,,,,,,,,,1931,,1960,,  ,4000
Superleague,19/03/16,,Skoda ,2,2,,,,,,,,,,,,,1961,,1967,,  ,6500
Superleague,20/03/16,, ,1,2,,,,,,,,,,,,,1925,,1931,, ,32115
Superleague,20/03/16,...,,1,0,,,,,,,,,,,,,1924,,1926,, ,69618
Superleague,20/03/16,,,0,1,,,,,,,,,,,,,1923,,1963,, ,10300
Superleague,20/03/16,,....,3,0,,,,,,,,,,,,,1994,,1926,,  ,3000
Superleague,21/03/16,,... ,1,1,,,,,,,,,,,,,1890,,1966,,  ,11700
Superleague,03/04/16,,,1,0,,,,,,,,,,,,,1926,,1923,, ,7500
Superleague,03/04/16, ,,0,1,,,,,,,,,,,,,1931,,1908,, ,7616
Superleague,03/04/16,...,,0,0,,,,,,,,,,,,,1924,,1994,, ,69618
Superleague,03/04/16,... ,,1,1,,,,,,,,,,,,,1966,,1961,, ,7500
Superleague,03/04/16,,,4,0,,,,,,,,,,,,,1963,,1925,,  ,6700
Superleague,03/04/16,,,3,2,,,,,,,,,,,,,1960,,1908,, ,7000
Superleague,03/04/16,....,,3,1,,,,,,,,,,,,,1926,,1890,, ,28803
Superleague,03/04/16,Skoda ,,3,1,,,,,,,,,,,,,1967,,1931,, ,7244
Superleague,06/04/16,,,0,2,,,,,,,,,,,,,1925,,1908,, ,32115
Superleague,10/04/16,,...,2,0,,,,,,,,,,,,,1890,,1924,,  ,11700
Superleague,10/04/16,, ,0,0,,,,,,,,,,,,,1908,,1931,, ,16003
Superleague,10/04/16,,... ,2,0,,,,,,,,,,,,,1931,,1966,,  ,4000
Superleague,10/04/16,,,2,4,,,,,,,,,,,,,1923,,1994,, ,10300
Superleague,10/04/16,,,2,5,,,,,,,,,,,,,1925,,1926,, ,32115
Superleague,10/04/16,,,0,3,,,,,,,,,,,,,1908,,1963,,,27770
Superleague,10/04/16,,....,2,0,,,,,,,,,,,,,1961,,1926,,  ,6500
Superleague,10/04/16,Skoda ,,1,1,,,,,,,,,,,,,1967,,1960,, ,7244
Superleague,17/04/16,, ,2,1,,,,,,,,,,,,,1960,,1931,, ,7000
Superleague,17/04/16,,,0,0,,,,,,,,,,,,,1926,,1908,, ,7500
Superleague,17/04/16,...,,3,0,,,,,,,,,,,,,1924,,1961,, ,69618
Superleague,17/04/16,,,5,0,,,,,,,,,,,,,1994,,1925,,  ,3000
Superleague,17/04/16,,,6,1,,,,,,,,,,,,,1963,,1908,,  ,6700
Superleague,17/04/16,,,0,1,,,,,,,,,,,,,1923,,1890,, ,10300
Superleague,17/04/16,....,,0,0,,,,,,,,,,,,,1926,,1931,, ,28803
Superleague,17/04/16,... ,Skoda ,0,1,,,,,,,,,,,,,1966,,1967,, ,7500
